-0.0018043742	0.033428933	0.03380556	0.034303356	-0.031414915	-0.043989647	-0.04273696	0.045204353	-0.03383689	-0.004200779
-0.014749087	0.0044237375	-0.041222382	-0.0047216304	-0.0024113432	-0.014304124	0.023261975	0.04400632	-0.043360125	-0.029003395
-0.0026172288	0.0057485476	0.025458042	0.011000752	-0.0350829	0.015302625	0.022599723	-0.011758935	-0.010207523	0.007814955
0.79791456	1.0118614	1.1583142	1.1318336	0.8315975	-1.1396605	0.04965585	-0.7951051	-0.99339545	-0.38015127
0.01223563	-0.021835625	-3.27006e-05	-0.037741054	0.024700616	0.0019953474	-0.012990393	-0.026147103	0.01550049	-0.011597585
0.032488953	0.032610703	-0.013994407	0.041227985	0.0065892935	-0.0075883158	0.036125492	-0.0017020106	-0.00806557	-0.0135656595
0.010423411	0.016054142	0.046365295	-0.004433848	-0.0174708	-0.015192103	-0.00869019	-0.029333854	0.012031864	0.007415712
0.01362953	-0.012270831	-0.013482094	-0.03299576	-0.028207147	0.04683158	0.042212393	-0.014793277	0.047358427	-0.046317138
-0.009386588	0.008139025	-0.017579686	0.04930598	0.038573075	0.04901742	-0.0068571456	0.03149159	0.013653729	-0.0384989
0.014799546	-0.046689343	-0.0064118616	-0.009301029	0.03973439	0.0046943426	0.021403465	0.041067313	-0.035748325	-0.017046094
-1.1735542	1.024298	-0.8180789	-0.94994515	-0.8225495	-0.9657437	1.0877547	-1.1449064	-0.3075096	0.2021298
0.6487141	-0.44068837	0.5761274	-0.71343905	0.8888021	0.87435305	0.77166003	0.27282587	-0.63151175	-0.8127684
0.8209427	0.40131274	0.94462633	1.0576547	0.89469194	-0.7996768	0.92551655	0.88184357	0.9375886	0.9934472
-1.0770222	0.83365256	-0.93675184	-1.2246611	-0.35996902	-0.8022126	1.1088529	-1.072324	0.6566729	1.1163541
-0.79637516	0.4541126	-0.60993266	-0.76052403	0.76238954	-0.73030543	-0.6790672	-0.7547615	-0.79610604	-0.8142818
0.008594047	0.0074841157	-0.033155873	0.013718221	-0.003985524	-0.027472783	0.021306071	0.025081228	0.040803645	0.0048531406
-0.0034713857	-0.047609117	0.018763687	-0.018666554	-0.033778347	-0.040195666	0.04504854	-0.02874794	0.023701835	-0.046598315
-0.039233696	0.0440786	0.015792098	-0.040870726	-0.036582243	0.02609909	0.042001713	0.048011925	-0.045049082	0.021178786
1.0326104	0.93767816	1.1497852	0.9907268	-0.40730843	-0.4570632	1.2434468	0.7728236	0.8506927	-0.53635234
-1.4790092	1.065479	0.99476594	-0.70551884	-1.2158197	1.1552125	0.0999649	-1.0946459	-1.3029349	0.95439994
-0.040812038	0.0173597	0.034819033	0.016464356	-0.016955055	0.028662968	0.018981103	0.032092545	0.019930076	0.011420988
-1.0289878	1.0027329	-0.21983063	-1.1556038	-0.85986036	-0.813767	1.0069964	-1.1734291	-0.3416017	-1.0176125
0.010358583	0.024111632	0.014223445	0.018378343	-0.036102533	-0.01937939	-0.044104792	-0.038506627	0.027498413	-0.016594827
-0.023405923	0.048944484	0.001937557	-0.035932362	0.024260309	-0.019627107	0.038183216	0.049704444	0.004531406	0.027636323
-0.0047094934	0.036972348	0.04290687	-0.04222859	0.04216865	-0.018202983	0.04444729	-0.000284601	0.012834679	-0.008822359
0.0019432195	0.008659173	0.03451759	0.00089019537	-0.04493041	-0.040914405	0.048849825	0.042560246	-0.030538142	-0.02686503
-0.04807954	-0.027502358	0.014899585	0.00854858	0.047880676	-0.002364099	0.047260452	0.011518598	-0.009183656	-0.02411436
-0.0013528466	-0.019688845	0.049195673	0.02512927	-0.019287301	0.030790914	-0.039076768	0.00757885	0.04436058	-0.03510791
0.026652042	0.017768372	0.03697033	0.01703656	-0.033588268	-0.036920153	0.038693655	-0.0019848123	-0.010370683	0.049715053
-1.0681423	0.54485255	0.98327684	0.24820076	-0.8790975	1.1610719	-0.91052055	0.88222563	1.0407748	-0.896483
0.005293548	0.047560725	0.027730081	0.0025904663	-0.027587617	0.022798348	0.036961105	0.031432632	-0.04354134	0.010283042
0.0321867	-0.026086343	0.036690023	-0.03645103	-0.039005946	0.03412321	0.012355149	0.008845173	0.030246545	0.042844165
0.023518886	0.01150037	0.04854251	0.016303968	-0.044124354	0.028439369	0.044359054	-0.026113844	0.045259986	-0.0038074255
0.88908875	0.8686739	0.6159032	0.7013537	0.64742726	0.8725885	1.0353186	-1.0859672	-1.1156493	-0.65569025
-0.022033585	-0.02591802	0.047359947	0.0057306774	-0.029912233	0.04066701	0.008749079	-0.049012303	0.0139605515	-0.010249663
0.028199662	0.016311478	0.004498683	0.042271685	0.048840765	-0.026041115	-0.020175768	0.013938975	0.023164783	-0.01142361
-0.0020961538	0.0032771826	-0.028525472	-0.0063965917	-0.047409654	0.021367136	-0.026131451	0.032602753	0.033762064	-0.04184196
-0.037587393	0.022435311	0.007841684	0.042651962	0.0433789	0.004439164	0.042310845	0.011134375	-0.025559604	0.007405389
0.046485428	-0.03663429	0.0038376562	0.008443583	0.049715843	0.02596381	-0.027293397	0.018467132	-0.032938078	-0.02004311
-0.01595987	0.0069468133	0.017994199	0.002054058	0.04165287	-0.025667155	-0.029916609	-0.0068357587	0.039539967	-0.048594605
0.9818702	0.8670018	0.93771285	-0.75841624	0.4880858	0.8846171	-1.1002167	1.1916625	-0.6597349	-0.7595754
-0.009181093	0.03011166	0.044857148	0.012572337	-0.012496341	0.04838861	-0.003606476	-0.038059007	-0.00622008	-0.035925876
0.0062361583	0.045718286	0.04528738	0.024020877	0.027040552	-0.007119514	-0.004483916	-0.048022296	0.04094818	-0.027766049
0.032478575	0.024184916	0.011965502	0.006755244	-0.02390777	0.023785476	-0.044923674	-0.015754066	-0.043820895	0.026479486
0.026687112	0.036731806	0.0028008707	0.017704334	-0.022525657	-0.030989671	0.045620177	-0.037299383	-0.033020735	0.01686665
-0.006354749	0.04934707	0.01696967	-0.022167886	0.03419328	0.0029241443	0.0035918355	-0.0059387796	-0.046759	-0.03166622
0.010330725	0.04050703	0.03733928	0.035793398	0.02549294	-0.015657403	-0.027929593	0.044325676	-0.019691898	-0.021295179
-0.04107642	-0.018216144	-0.03387697	0.012703624	0.0294212	-0.041948665	-0.03990363	0.016673516	-0.044852257	0.025479365
0.6837183	-0.854395	0.59111816	-0.7925027	-0.8870109	0.7847279	0.8152502	-0.7629253	0.501902	0.4347584
0.5049928	-0.9020982	0.76039636	-0.6583716	0.7849248	0.8989793	0.56624776	-0.35922846	-0.8248354	-0.56231654
0.010565292	0.033308897	-0.04933232	-0.03805549	-0.0139791	0.02250905	-0.046921995	-0.026963329	0.03500818	-0.04752673
-0.018094648	0.040743615	0.04663242	-0.03196708	-0.020993257	-0.010160185	0.02748363	-0.00822749	-0.0363595	-0.045652773
-0.022119118	-0.04023043	0.02771255	0.019062925	-0.046735954	0.044301298	-0.017254375	-0.009031486	-0.009392571	-0.008898199
-0.043648373	-0.017461587	0.03657328	0.033039127	-0.017403651	-0.044284035	0.04283079	-0.027221357	-0.009590544	0.0013186708
0.017907668	-0.0073513873	0.026791599	0.0005734451	-0.005948566	0.04934701	0.027196992	-0.021431698	-0.0077050216	-0.041665472
0.030987266	0.031061579	-0.0016773716	-0.0014878027	-0.046758723	0.013664316	-0.03758391	0.0461404	-0.006328188	-0.004155278
0.0064815506	0.024276447	0.006754853	-0.032429114	0.045193125	-0.005247187	0.033454064	-0.0011350028	-0.039241828	-0.025917722
-0.037645925	-0.041621827	-0.038169134	0.0363917	0.046986554	0.037306104	0.041150276	0.043420922	0.015859548	-0.023089373
0.00083688647	0.021145169	0.046582226	-0.028933024	0.031359587	-0.02791344	-0.0069973953	-0.049120117	0.005237352	0.005822886
0.01860318	-0.017123677	0.02024633	0.034041595	-0.022287179	-0.023215199	0.04626778	-0.0470531	-0.01162504	-0.038634777
-0.008396529	-0.016895033	-0.0068685412	-0.014268458	-0.038672924	-0.012709547	-0.044883847	-0.04027443	-0.01416304	-0.021767152
-0.028535461	0.020426784	0.039929774	0.026626918	0.019761	-0.017649125	0.019664835	-0.029340005	-0.014081299	0.016193632
0.01501042	0.011526011	0.03846873	0.026544679	-0.023974633	0.037644032	0.024402712	0.028637443	-0.042165197	0.0048628673
-0.021582652	-0.040721048	-0.018410455	0.011447988	0.03696311	0.030169759	0.030631091	0.025533352	0.03757343	-0.026910389
-0.9788528	0.5723047	0.6310252	-0.9584308	0.8319402	0.85450584	-0.81838036	0.5100947	1.0270015	-0.7437299
0.031753886	0.0048853755	-0.0017330423	0.040857088	0.008299507	-0.04998262	0.001753997	-0.024087965	-0.019469941	0.00010878965
0.028667632	-0.042198956	-0.02140578	0.031510536	-0.016418256	-0.03143736	-0.030988336	-0.0060453527	-0.018499196	0.030282665
-0.048681058	-0.030077292	0.028635655	0.014305297	0.018638227	0.0029317029	0.036990587	-0.029387152	-0.035612572	-0.0011143573
0.0021951683	-0.034206524	-0.035301864	-0.030784607	-0.043242324	0.0066539273	-0.03583318	-0.032468222	0.0071806796	0.0074069723
0.009083413	0.024565306	-0.04569682	-0.030408813	-0.01001947	-0.021746516	0.0031961426	0.029912237	-0.042202223	-0.03577745
0.97189164	0.8269498	0.89737344	-0.962094	0.9906199	-0.095857926	0.91560066	1.2276206	-0.9315464	-0.5250108
0.019297604	-0.015664257	0.025687192	-0.014581561	0.03412405	0.046355058	0.008994341	-0.04384922	-0.017192088	-0.031962827
-0.03128679	-0.023591936	0.0013022199	0.012361538	-0.005445577	0.047158327	0.04882436	-0.0058790073	0.04166377	-0.022934569
0.029640164	-0.018325806	-0.0203861	-0.04556426	-0.004708767	0.03434931	-0.004887186	-0.008031189	-0.025735188	-0.0025261864
-0.020987391	0.025425088	0.0373994	0.031126644	-0.016168512	0.026469994	0.012934338	0.012878861	-0.017071523	0.033094075
-1.146779	1.1062738	-0.7838355	-0.21704113	-1.1176064	1.3213667	0.8499176	-0.30933392	-1.0415672	0.9598062
-0.032411255	0.044171695	-0.004326213	-0.039954294	-0.03782748	0.0155654885	-0.030370641	-0.04691993	0.007549811	-0.017124414
-0.02608465	0.02929629	-0.011929117	0.02704091	0.0328107	-0.012410283	-0.011511959	-0.020332266	0.01087705	0.04077739
0.029755604	-0.023253655	-0.020577764	0.046576504	-0.029471135	0.009185087	-0.017240249	0.034720127	0.049142245	0.030684207
-0.03133168	0.022299241	-0.003195025	-0.015255462	0.019628156	-0.048970867	0.026354853	0.028435122	0.045285393	-0.027940143
0.88522965	0.8615772	-0.9133262	-0.91976345	-0.7894547	0.80844504	0.9444982	-0.64424413	0.90914154	0.75829893
0.0009586327	-0.032258593	-0.025390768	-0.008417428	0.040461067	0.018590223	-0.043643024	0.025564674	-0.007889103	0.004485082
0.04003079	-0.0038006082	0.048146877	0.016550813	0.0429144	0.030911472	0.023707245	-0.041835465	0.039316032	0.020369146
-0.041899882	0.0368045	0.048435364	-0.0019583218	0.022720102	-0.01839763	0.0054715276	-0.014674235	0.028006304	-0.04619476
1.777336e-05	0.0065670237	-0.010099687	-0.029705524	-0.00388683	0.038610604	-0.042191196	-0.03042679	0.03926232	-0.0072722062
0.04488193	-0.026602387	-0.030925501	-0.034494948	0.043696176	-0.00080951303	0.019108463	-0.031623483	-0.03876666	0.014048133
0.04721036	-0.002790045	-0.00036922842	0.045063306	-0.028715312	0.00040090084	-0.024526669	0.0011784919	-0.025098134	-0.010682166
-0.9902788	-0.2731541	-0.7874387	0.6678934	0.9372145	1.0457628	-0.8520052	-0.9999895	0.9603494	-0.93352145
0.006930433	-0.023692751	-0.03340267	0.014709007	-0.036957454	-0.016051888	0.04164121	0.04503235	0.0039611943	-0.02812245
0.9629132	0.85207623	-0.43975085	-1.0113938	0.97348964	0.8045292	-1.0433663	-0.55424404	-0.0031310995	-1.146868
-0.031136274	-0.034505595	-0.0014001019	0.022793557	-0.028536236	0.017829482	-0.020269096	-0.0034909733	0.04304791	-0.016135909
-0.8802201	-0.75225025	0.46068114	-0.7686217	-0.6320248	0.82725376	0.7959872	0.8177211	0.7659268	-0.8508959
-0.0135627985	-0.049799692	0.013802085	-0.040917408	0.043788817	-0.042196907	-0.033275284	0.030237187	0.041853014	-0.010683667
0.04895648	0.04053198	0.010886647	-0.04073713	0.022026334	0.0268032	0.02036405	-0.0005730763	-0.034193207	-0.01805823
-0.09630061	0.8545742	-0.57074887	-0.8233251	0.85558736	-0.25834012	-0.9543705	-0.89295495	-0.81697565	-0.053461947
0.77636975	-0.93954766	-0.7863095	-0.97133523	0.96108526	0.5498145	-0.93482953	-0.8790424	-1.064982	0.6972095
0.033166442	0.029962849	0.03588644	0.015759137	0.007818736	-0.0054144748	0.041581336	-0.026844705	-0.012450494	-0.045896053
-0.6613731	-0.7983268	1.1438835	0.6892388	-0.117419675	1.1110064	-1.0015004	1.105842	-0.9229654	-0.895886
0.0159402	0.011022676	-0.021141922	0.036074307	-0.0031213164	0.015293229	0.016358051	0.044120286	0.04929625	-0.0079237
-0.033297144	-0.015507054	0.0294278	0.029121112	-0.00081051514	0.038801137	0.032499064	0.04321437	0.0473645	0.04421561
0.9205987	0.91752404	-0.7546943	0.77329904	-0.8947455	0.93117213	0.89733255	-1.0082483	-0.46671394	0.9041166
0.033637073	0.029482994	0.018365476	0.019234333	-0.04075203	0.047624115	0.0071277022	0.02987552	-0.013266135	-0.0024347901
-0.029555703	0.033498492	-0.02948214	-0.021722436	-0.011191666	-0.023382986	0.011734165	0.003531076	0.026204024	-0.0069708005
0.024121944	-0.03853903	0.00068705156	-0.03319887	-0.03974961	0.016121414	-0.019298648	0.0057414994	-0.00605458	-0.022054315
0.039142143	0.02005345	-0.01660956	-0.01020471	0.005284559	0.04683752	0.02827562	-0.012445867	0.019463528	-0.0039833076
-0.35641545	1.249886	-1.354411	-0.24589068	0.5090603	-0.35387984	-1.1200217	-0.314326	-0.35655838	0.6904983
-0.0008055456	0.047289256	0.022211317	-0.015172016	0.04305089	0.04116184	0.009970881	-0.04058093	-0.03479178	0.014400389
-0.04005464	-0.016411267	0.0025686845	0.045864966	-0.04597354	-0.024134804	0.0037297495	0.026631106	-0.008606959	-0.037239444
1.0671246	1.0700867	1.1584883	0.14531128	-0.34797126	1.0142813	1.1109458	-0.65242094	0.8175566	1.0312063
-0.029438365	-0.028332818	-0.00046075508	-0.035458528	-0.032025896	0.016032588	-0.0013634786	0.03653795	-0.042259898	-0.043723155
-0.011314712	-0.020407831	0.029230665	-0.048784543	0.035550263	-0.013082348	-0.014534511	-0.0056226477	-0.011731766	0.015462544
-0.029560162	-0.028312672	-0.047459234	0.04847822	0.03688634	-0.04313419	-0.048136663	-0.01983943	0.030242953	-0.04818145
0.010971211	0.046008516	-0.028164124	0.047120664	0.013548125	-0.010262586	-0.04939654	-0.018481266	-0.041620493	0.043343376
-0.009320747	-0.0007246956	0.04431648	-0.0020124093	-0.048612382	-0.03210304	0.03637402	0.0057071075	-0.025147473	-0.046474315
0.010345925	-0.044001795	0.015502285	0.019780163	0.012644384	-0.004214786	-0.0051455274	0.014928523	0.033388983	-0.003662359
0.9130544	-0.14582038	0.93359965	-1.0601138	1.2599936	1.1044558	-0.15420075	-1.3636823	-1.0107195	-1.0477141
0.02409048	0.022650864	0.04104319	0.04877791	-0.046754982	0.023880374	-0.019364119	-0.01827868	-0.019686807	0.002107285
-0.027799511	-0.046374895	-0.02660389	-0.025361836	0.04239476	-0.01664574	-0.01017518	0.0023507588	-0.04432969	-0.048554838
-1.051398	0.531839	-0.6331018	1.0295788	0.7375791	-1.0387466	-0.75854367	0.7836424	-0.70486903	-0.67041427
-0.019559205	0.028162029	-0.043824255	0.0082252845	-0.027950907	-0.030829703	-0.014039528	-0.03953738	0.02409489	0.047063377
0.03017335	0.026350167	-0.02872864	-0.0026295185	0.003274046	-0.009321023	-0.0145464055	0.025083814	-0.006752111	-0.014537178
0.019064192	-0.032143436	0.047702763	0.040571425	0.01703849	0.004645895	-0.0014239065	0.019678187	-0.031824373	-0.004294418
-0.04237112	-0.045804154	-0.018821156	0.010950804	-0.014894497	-0.012044229	-0.048986185	-0.019791448	0.04123019	-0.0371264
-0.045700014	-0.026390553	0.01636051	-0.005194567	-0.02827753	0.03493042	-0.02922138	0.049302164	-0.027253568	-0.03281336
-0.035623692	0.037495483	-0.04255083	0.038771246	-0.036391772	-0.021367157	0.040686775	0.039439272	0.03026371	-0.0058795437
0.03379793	0.021378193	0.0053030364	0.008310415	-0.039866887	0.04407866	0.012412429	-0.0010556467	0.015352894	0.043375406
-0.028342975	-0.0036175735	0.030716192	0.027723972	0.024889838	0.045214597	0.008940566	-0.02205429	-0.04131837	-0.024108505
-0.012934912	-0.016779818	0.0056649335	0.0272719	-0.04985633	0.022082333	0.03087679	0.014911983	-0.010662366	-0.026744723
0.009797908	0.04442847	0.017073978	0.008353997	-0.02481184	-0.005489208	-0.019735862	-0.045626022	0.03450552	0.026238289
-0.021158589	0.0064575784	-0.02728696	-0.011879254	-0.018631674	0.0041240826	0.041853394	-0.0036781058	0.024463963	0.01170342
-0.044573594	-0.03212841	0.012663852	0.03579315	-0.021195723	0.0064982884	0.017958652	0.029347744	-0.022668315	-0.042128958
0.03147227	-0.043260194	-0.044416558	-0.0002806671	-0.014738262	-0.02167411	0.03779955	-0.026797427	0.04243988	-0.017902125
-0.03375529	-0.036624074	0.039667334	-0.0077189207	-0.029665232	-0.02094847	-0.014026832	-0.023418892	-0.0012639537	-0.0339479
0.016865585	0.012216568	0.025584426	0.006086696	0.0148546435	-0.009798646	0.021972287	0.006893873	0.03904451	0.011854958
0.004349649	-0.035003375	-0.013520263	-0.010438718	0.014190387	-0.021714224	0.044659447	0.019866634	-0.008826245	0.029668976
-0.88153076	-0.70091534	-0.7681259	0.7713938	0.94004154	-0.7962162	-0.25878093	0.93285376	0.95108813	-0.6421564
0.004047882	0.021188114	-0.03264326	-0.030461956	-0.023698986	-0.018087626	0.030215729	0.041387368	0.04529432	-0.03100549
-0.044009257	-0.0039020889	-0.037002575	0.021127824	-0.03662027	-0.038975082	-0.047014084	0.017867599	0.009093441	-0.035916068
-0.0219831	-0.045571245	-0.00073862076	0.012088656	-0.012509454	-0.032973863	0.029187802	0.03206439	-0.0089554675	-0.039571475
-0.03867787	0.020435717	-0.024415338	-0.025603427	-0.03067553	-0.035564553	0.03482009	0.005063176	0.04196683	0.021069612
-0.043564726	-0.04986192	0.024650265	-0.03011923	0.04680747	0.016144779	-0.036829017	0.011578988	0.039407823	0.03340018
-0.048387717	-0.04143083	-0.032557297	0.0063440315	0.0032939203	0.0449072	-0.03052975	0.025396992	0.0070030913	-0.049804747
-0.021343565	-0.0030187964	-0.049224224	0.011614345	0.0032403097	0.042870138	0.020289186	-0.03086847	0.019563664	0.038302634
-0.04339372	0.021442477	-0.044899296	0.010184836	-0.020144403	0.0485746	-0.017298877	0.049865607	-0.03959292	-0.009266853
-0.04063971	-0.031837106	-0.0039264187	0.048076477	0.018022407	-0.036315072	0.015984442	-0.018894434	-0.00029654428	-0.014375828
0.78935665	0.74616355	-0.52287906	-0.71451205	0.74416214	0.76198685	0.53967613	-0.70904154	-0.699911	-0.7204455
0.004351925	-0.0074991956	0.016023885	0.04153304	0.024266396	0.043740723	0.015501108	0.0132451095	-0.04509064	-0.013135351
-0.015700974	0.022969399	0.008202232	0.03579313	-0.008849859	0.006371282	0.0010694638	0.021123532	0.023167912	-0.04424919
0.025714766	-0.046056043	-0.04413822	0.004650425	-0.016764533	-0.03663236	-0.0026276931	0.002986122	0.016550217	0.027244236
-0.010216881	-0.035804607	0.037924755	-0.021377755	0.010526955	0.03240213	0.018200163	-0.035581134	0.0042360537	0.041226123
0.024523225	0.0132224895	0.01932552	0.029875401	0.03294308	-0.016222965	-0.0014198795	-0.015952386	-0.008328021	-0.025064135
0.03336401	0.011439584	0.046352174	0.034381483	-0.0012069568	-0.034931682	-0.04820918	0.011038959	-0.047001865	-0.03864609
-0.03930849	0.002338875	0.033528272	-0.047336783	0.047538195	0.033101033	0.017608967	-0.0149649605	0.011260379	-0.017005134
-0.039059974	0.04440849	0.03794804	0.03998149	-9.522587e-05	0.030553427	0.04147326	-0.010068834	-0.031506196	-0.030411495
0.006378792	0.018804822	0.042089794	-0.010037173	0.020152833	-0.049755454	-0.02069062	-0.009685647	0.040484514	0.011149108
-1.179567	-0.6462871	1.350394	-0.75588703	-0.10773735	-0.5026207	-1.0449598	0.9403674	0.19181694	-0.7693539
-0.031984605	-0.0011765473	-0.0133789405	0.019785631	0.009100556	-0.034402333	0.0015176311	0.0018226616	0.03406063	-0.024335599
-0.045057368	-0.0035812259	-0.0020223856	-0.010074437	-0.024923587	-0.026508475	-0.012801457	-0.0006225705	0.012489438	-0.02638024
0.027187478	0.014702763	0.026581395	0.012728665	0.044941906	0.011857651	-0.04241587	-0.032997683	-0.04091847	0.042420212
-0.04555867	0.010562539	0.037016634	-0.035225175	0.04594514	-0.016663633	-0.011746369	0.013019931	0.01846974	0.026229646
-0.047888864	0.008085072	-0.043914188	0.022791866	-0.011073671	-0.016084373	-0.0014921799	-0.023841942	0.036067035	0.040163744
1.0543065	-0.53677905	1.0706618	0.4377367	-1.0229088	1.1296238	-0.97982407	-1.1419985	0.73310244	-0.9525862
0.014644686	-0.039277196	-0.035331856	-0.013249647	0.048351053	0.03517217	-0.016713977	-0.04238497	-0.03341942	-0.04219624
-0.005411662	0.007827438	0.040136542	-0.0381454	0.033969153	-0.04280454	0.0022248141	0.038827326	-0.039515257	0.044072066
0.0011819229	-0.0118535645	-0.042474985	-0.0072061047	-0.04837198	-0.008384287	0.0006846078	0.0034641027	0.04940662	0.005097199
-0.023318721	0.034689117	-0.033432685	-0.030302465	0.02398106	-0.01221608	-0.036226284	-0.02994026	0.013377454	0.03378539
0.03493837	0.011724986	-0.040005576	0.004246235	-0.02417363	0.0062000044	-0.021383239	0.0002827756	0.045862917	-0.010856736
-0.957194	0.96105313	-0.78479093	-0.6870857	1.0672947	-0.52283573	-0.7853581	0.78728664	-0.95080584	-0.929943
-0.044497933	-0.042642582	-0.04855738	-0.011958826	-0.005681265	0.04779682	0.013574254	-0.04685657	-0.041926254	-0.025380468
0.020544123	0.005285479	0.020240787	0.045364562	0.02433062	0.010630645	0.043528926	-0.0029828176	-0.011450805	0.032640565
0.6934656	1.2079458	1.077452	-1.1614697	1.006165	-1.2152535	-0.427797	0.73382324	-1.2245691	0.059767947
-0.0029650815	-0.0121863	-0.04970591	-0.01709355	0.008797396	-0.012954138	0.027716313	0.03898604	-0.04885261	-0.008233476
-0.0017362833	0.0021062866	0.020128619	-0.013696931	0.035936166	-0.014080476	-0.012409687	-0.019167865	0.023849633	-0.015783884
0.004185997	-0.00089082867	-0.040652417	-0.0395167	0.0016456023	-0.03939291	-0.048849642	-0.04742209	-0.04284027	0.029188935
-0.008613251	-0.008500207	-0.045993816	0.024715807	0.022772636	0.007329751	-0.020463442	0.044115018	-0.031208469	-0.0035008304
-0.009734012	0.005699098	0.028648045	0.019383457	0.028997984	-0.016274534	-0.04725516	-0.032452345	0.0075954087	-0.027722096
0.012673344	-0.035641383	-0.004576076	0.0032257661	-0.045980204	0.006913889	-0.03139724	0.0048288107	-0.039241076	0.015752528
0.0022562146	-0.03480184	-0.010034729	-0.01398636	-0.043965697	0.03154925	0.032234255	-0.035005737	-0.030476391	0.03377005
-0.021908188	0.012615573	0.006119214	-0.031940676	-0.044613004	0.045919027	0.011684038	-0.013896715	0.024670329	0.0074625015
-0.02459526	0.037618387	0.046219956	0.029085983	0.024496268	0.038949672	-0.04008349	0.005338095	-0.020457078	0.014778141
-0.038073696	-0.0005084276	-0.0033100136	0.014167044	-0.041299094	0.04658376	-0.008393515	0.048110094	0.006409444	0.0074719675
-1.0316644	-0.1353684	-1.302013	-0.9105738	-0.8482569	1.1798338	0.515045	-1.3467969	0.095008865	-0.094742164
-0.022609532	0.0035660043	-0.019836474	-0.049800254	0.043961253	0.046674106	-0.001369834	-0.031319574	0.038899112	-0.0209386
-0.030233204	-0.03869016	0.019131627	0.01174878	-0.03685529	0.021251801	-0.04173062	-0.02956419	0.008020412	-0.03935354
0.024046365	0.019005086	-0.039125025	-0.023300445	-0.016229104	0.026158717	0.022261348	-0.03543371	0.008219611	0.025367703
0.031796645	0.009760343	-0.011989523	-0.004014097	-0.00039138645	0.021536779	0.024915937	-0.006118834	-0.0042061694	0.010465134
-0.0045077913	-0.024535645	0.026987229	0.012182713	-0.03230684	0.047432866	-0.025312293	-0.002361346	-0.018631507	0.033108104
0.030306611	0.02335466	0.012035716	-0.0072712675	-0.047916304	-0.04319463	-0.017057836	-0.008968294	0.022818778	-0.031097187
-0.030825675	-0.026941597	-0.04904548	0.028024938	0.04342774	0.02215625	0.044718433	-0.043416597	-0.02784028	-0.02041986
-0.017811287	0.03295367	0.033713344	-0.04533526	0.04341123	0.048935983	0.02948333	0.042547468	-0.0057677254	0.017881993
0.7924923	0.9562381	-0.8025718	0.43664536	0.73602575	0.95386153	0.8284849	-0.73329973	1.0315541	0.90235853
0.032449257	-0.026439667	0.016116966	-0.014738668	0.047430065	0.030747663	0.02665316	0.02138846	0.048755888	0.032268528
0.010541093	-0.047440317	-0.03797654	-0.043953028	-0.0032180175	0.03265227	0.017076913	0.049708996	0.015380207	-0.016778123
0.025187943	-0.01331849	-0.009621371	-0.035182394	0.009324908	0.014679145	-0.027180826	0.043795038	0.003525328	-0.018637635
0.022368122	0.039299432	-0.002203893	-0.036697734	-0.0026374348	0.017224561	0.02510612	-0.011502694	-0.029525852	-0.037756633
0.00017485768	-0.00055458397	0.008101035	-0.0023666024	-0.01881566	-0.02142222	-0.015207969	0.045798365	0.014866475	0.011276018
0.7921932	0.78383917	0.630556	-0.85134447	0.8331139	0.7638026	0.6526684	-0.20068029	-0.81430066	-0.7576888
0.7431791	1.1259675	-0.35688946	-0.06901167	1.2354193	-1.0601908	0.4447753	0.80541503	-1.033302	-1.2340491
0.044126164	0.042702805	-0.024785077	0.0043376684	-0.040946554	0.04299641	0.029907648	0.01629838	-0.029454982	0.0431499
-0.03007753	0.0442344	0.023413312	0.036155704	0.004806351	0.0050005093	0.02070738	0.027990367	-0.032339238	-0.042870224
-0.041958153	0.009928655	0.031026196	0.016022053	0.049576867	0.012424625	0.0041652694	0.022051346	0.046073508	-0.031911038
0.029328432	0.0064052455	-0.009431399	0.013615083	-0.009737872	0.0193975	-0.049463954	-0.004393436	-0.01610614	0.017329697
0.0006615631	0.008074664	-0.045654844	-0.034543026	-0.035597026	0.03160988	-0.043815292	0.01255684	-0.04149859	-0.01370281
0.62260187	0.9327808	-0.81364363	-0.21712261	0.7306585	0.82651013	-0.79421854	0.8728319	-0.8392117	0.48822525
0.041237306	-0.0055533275	-0.049914826	-0.048817266	0.029930267	-0.044760704	0.019795287	-0.028372943	0.024148729	-0.015627466
0.017783377	-0.002281487	0.023101259	-0.04602585	-0.010741986	-0.01641246	-0.00770415	-0.038891815	-0.012654781	-0.04916339
0.5703915	-0.90481925	0.8497284	-0.82515436	-0.97126365	0.94194037	0.8789847	-0.86759347	-1.0109564	0.16174322
0.024329927	-0.033510208	-0.025488926	-0.011622392	-0.047771405	-0.04506104	-0.0453326	-0.01583729	-0.012826443	0.01990256
1.235867	1.0529982	0.30668685	-0.66794455	1.2340626	0.23029722	0.87385166	-0.991886	-0.84791285	0.81778085
-0.033561695	0.021512102	-0.04039223	-0.042454243	0.03687494	0.007257521	0.023024116	0.01199634	-0.044229902	-0.015194453
-0.026829947	0.020938408	-0.045526683	-0.010223351	0.008203376	0.030499768	-0.03713156	-0.016344715	-0.016966213	0.0008119121
-0.046069276	-0.021462226	-0.046174277	-0.02560438	-0.043784894	-0.013861336	-0.048997905	0.04816443	0.046012174	0.013282452
-0.82715786	-0.8436771	-0.804394	-0.8350252	0.78045154	0.8179596	-0.78962654	-0.6894345	-0.8641331	0.85792434
0.914724	0.4898447	-0.378978	-0.87140137	1.047021	1.0108091	-1.1306965	0.4029225	0.544833	1.0685157
0.35868648	0.9933371	0.7202209	0.87814385	0.9824795	-0.73335254	-0.81329244	0.8809953	-0.85750306	-0.6163828
0.0411021	0.024372209	-0.04987389	-0.01370088	0.017910127	-0.049182452	-0.018024765	-0.032542013	-0.030780269	0.026875425
0.006778609	0.0058003664	-0.010825384	0.036857616	-0.049044646	0.03506085	-0.0033929572	-0.0020524487	-0.040091325	0.011659838
-0.9899916	-0.46646985	1.0451605	1.0527774	0.8918319	0.93169284	-0.83826923	-1.0640368	-0.35147357	1.016743
-0.8705441	-0.63623476	0.8830548	-0.84474105	-0.57650995	-0.5139783	-0.39692885	-0.8467888	-0.86850303	0.6844285
0.016150925	-0.036498547	0.03449494	-0.038357604	0.010963868	-0.008886624	0.00030890852	-0.018138744	0.013205122	-0.006930124
0.009259284	0.044727	-0.0069438927	-0.021895075	0.014345814	0.015785072	0.0026309714	-0.012507845	0.00873816	0.0374362
0.009646215	-0.04619663	0.037671063	-0.042318773	-0.020389497	-0.0037808903	-0.0050892234	-0.03519106	-0.027542222	0.027021836
-0.047623385	0.048417334	-0.025526274	-0.033780076	0.0032612197	0.042555664	-0.016211618	-0.027466381	-0.014521278	-0.034177125
-0.042828955	-0.024694562	0.03169166	-0.02731588	-0.029847825	-0.033056855	-0.04688518	0.010835789	-0.009574939	-0.0006005168
0.0068084374	-0.010322809	-0.036997627	-0.049547303	-0.045330513	0.0056341067	0.019441877	-0.006378699	0.0013178475	0.028827514
-0.028763175	-0.023194302	0.02981675	0.0039418936	0.023558173	0.016149368	0.036350045	0.043527488	-0.027407313	0.0009698756
-1.0570533	0.22634038	1.1420444	1.0267965	1.2320211	-1.0632293	1.2931957	1.1780314	-0.5020622	-0.26182306
-0.011599064	0.007834088	-0.04725336	-0.010048199	-0.035874344	-0.024841547	-0.0016360171	-0.005232893	0.021107722	0.044916812
-0.03390666	0.030341279	0.01365051	-0.03888893	0.009148885	-0.018328846	-0.022542631	-0.012034524	-0.014434349	-0.043010022
-0.5520307	0.85411537	-0.8894651	-0.680135	-0.91060287	-1.0575179	-0.88238734	-1.0610908	-0.9089244	0.93135667
-0.0012801178	-0.041192234	-0.041940868	0.033295546	0.007330321	0.026016418	-0.032116733	-0.02706461	0.026598398	0.01381607
0.24530736	1.0560023	0.42589772	0.8001311	0.43124747	0.9824514	-1.0037975	1.1080189	-0.8255181	-1.112478
0.028128218	-0.021650637	0.03091773	0.01695769	-0.006174229	0.021073762	0.012509573	0.020644132	0.04691272	-0.0014179833
-0.03450302	-0.045083333	-0.045851957	0.047287907	-0.047043122	0.012308501	-0.0358657	-0.017180871	0.03666735	-0.03995619
-0.009360325	-0.02614863	0.03914776	0.035239283	-0.013482105	-0.01201148	-0.040025532	-0.03405185	0.04543526	0.039766703
-0.00015300512	0.009471476	0.03344885	0.017744068	0.04609025	-0.0447531	-0.03685329	-0.04828862	-0.0050912388	0.04392804
-0.039780222	-0.00644226	0.016796019	-0.008297123	-0.046717763	-0.0120917335	-0.022240782	0.030997965	-0.017759133	0.017930854
-0.03306742	0.034183774	-0.04993428	0.024934184	0.0007883422	0.030253027	-0.0037150867	0.032602955	-0.007933211	-0.03506414
0.8340716	0.8766447	-1.0256584	-0.90012646	-0.96802235	0.4866334	0.13815351	0.8537618	-0.8767163	-0.7178467
0.04225118	0.020198714	0.04071546	0.036260974	0.01957028	-0.0289495	0.0199469	-0.014385559	0.0051555634	-0.016692411
0.019254338	-0.020281708	-0.03742783	-0.028446352	-0.043466795	0.032668266	0.0059276223	-0.025219023	-0.004946362	-0.024993313
0.017649997	-0.006991755	0.022232201	-0.0196864	-0.024615932	0.041670572	-0.029647255	-0.038063504	0.046368245	0.044416156
0.96165216	0.065826304	-1.0767388	0.2532566	-0.88378054	0.8965915	-1.0237697	-0.8475014	-0.9990711	0.88312244
0.62002414	0.84669566	0.73213243	-1.0767424	0.88340044	1.0654845	0.56564236	-0.9327599	-0.7215711	0.19194955
-0.004627146	-0.022724867	0.04703263	-0.045049276	0.027145866	0.040321384	0.032838706	0.046596948	0.029540073	-0.033517376
-0.023751665	0.023220126	0.04455712	-0.0057337657	-0.04328215	0.01955526	0.040889654	-0.047910847	-0.0016065612	-0.027273059
0.00070787594	-0.022930896	0.04370376	-0.038686134	0.0378989	-0.012283076	-0.0026599541	0.041512523	0.048003767	0.022633824
-0.04904876	-0.019212378	-0.03533386	-0.026165916	-0.0068278536	-0.0299963	0.039755616	0.014050309	0.001054883	0.0010388605
0.040826727	0.03825045	-0.04654261	-0.013253652	0.0064458735	-0.014139153	0.0060063116	0.023624096	-0.010431934	-0.035512816
0.039938834	-0.019253029	-0.022556782	-0.016315222	0.030282903	-0.028758502	-0.027912451	0.0023422465	0.020110022	-0.022443486
-0.04669411	-0.014192738	0.020133402	0.034228574	0.028545704	-0.015490867	0.031939473	0.011311412	-0.01165539	-0.024219418
0.045400683	-0.039157104	0.018920336	-0.019623375	-0.018341504	-0.043731738	-0.018440008	-0.03829527	0.0028402917	-0.032871686
-0.02017337	0.046620596	-0.016670607	0.008040249	-0.037354697	-0.012481701	0.014255259	0.020455506	0.044083785	0.024026621
-6.2696636e-06	-0.017897774	0.00868696	-0.04076574	0.030813824	-0.016310692	-0.035901666	-0.03238641	-0.039337527	0.049857203
-0.027267003	0.039841	0.019565847	-0.032231294	-0.04497975	0.037524734	-0.0071004033	-0.014395259	0.040383372	0.044147227
-0.89029163	0.49046558	-0.7982417	-0.80930245	0.679988	0.79772073	0.8047162	-0.81314313	-0.50973165	-0.72464716
-0.011642087	-0.02696271	0.046114434	-0.016020477	-0.024558282	-0.03489672	0.040823463	-0.02006483	0.029692296	-0.0068258867
-0.048413124	0.01634549	0.006977834	-0.0050231926	-0.0076860413	0.018374715	-0.012214471	0.036105964	-0.010420512	0.017362561
-0.047156204	0.029004548	0.0034415238	0.008459769	0.010945488	0.0357312	-0.026690876	-0.020304358	0.0038864985	0.034670714
1.0112145	-1.0379522	0.69437814	-1.0308263	0.99580175	0.98576957	-1.0113254	-0.8951949	0.97692853	0.7141774
-0.026716733	0.02273113	-0.0127671845	0.039112937	0.021198455	-0.022911131	-0.038308024	-0.028086698	-0.04235536	-0.018293321
0.02425262	0.011272885	0.013769936	0.022838425	0.03302635	-0.04253676	0.04611102	-0.0029917732	0.0040805116	-0.007469345
0.04378562	-0.048508193	0.042565655	0.043115105	-0.00043178722	-0.032339893	-0.02063849	-0.027303481	-0.013528787	0.045597043
-0.039860703	-0.023357416	0.006278895	-0.015992295	0.00037587807	0.008692801	0.004987728	-0.005138755	-0.04068786	0.046799544
-0.020886911	-0.024851073	-0.04390886	0.006263066	-0.0121510625	0.01966438	-0.022590388	0.001894962	0.012146272	-0.046593916
-0.010961663	-0.011711013	0.022793118	0.048393015	0.003886126	0.015105296	0.014310565	-0.010425769	0.04167718	0.016273525
-0.041122485	0.0047366135	0.02936801	0.034326043	-0.031932734	0.019953195	0.014753196	0.032059316	0.004440725	-0.014847647
0.03675251	0.0030748732	0.03887223	-0.045678247	-0.0059716813	-0.04090538	0.018243257	-0.03110615	-0.047347497	-0.04915395
-1.0122613	1.0600352	0.50768334	-0.237681	0.79922295	-0.065694496	-1.3244435	0.6790924	-1.3188732	-1.0362269
0.0012392029	0.03669511	-0.033631705	-0.00992329	-0.0035478584	-0.040250696	0.007975601	0.047120657	-0.027928222	0.043935966
0.03063747	-0.025796045	-0.045101415	-0.008877911	0.002262652	0.033638064	-0.043622386	0.013424072	-0.046262085	0.045341145
-0.029291857	0.048289385	0.04982872	-0.010636069	0.021098208	-0.008262895	-0.034817994	0.0070838705	-0.0083141215	0.04819956
-0.01914004	-0.0033766516	-0.016878236	0.030093107	-0.0065152645	-0.029786218	-0.0141604915	-0.005419731	0.03700507	0.004303228
0.021692518	0.008986782	-0.013913311	0.040128183	-0.017583787	0.042408895	-0.012779914	-0.04343046	0.039178018	-0.023649693
-0.0002690181	0.019120801	-0.0374599	0.04696298	-0.03812752	-0.04933536	-0.03402988	-0.0053656213	0.033822153	-0.0029389746
0.03728651	0.0012053847	-0.020617438	0.0051082857	0.025220465	0.0143638365	-0.0035384186	-0.04684421	0.0076622963	-0.04617064
-0.008915089	0.018984746	0.0061888695	-0.016586758	-0.048764814	0.012921203	-0.03789859	0.028731752	0.035167936	0.037891712
-1.1334927	-1.1910124	0.8992611	-0.89616114	0.7802519	1.0238186	0.30636784	-1.1907675	-1.0757148	-0.8133832
0.0017637499	0.012805674	0.043989766	-0.047110237	0.00061603636	-0.007725835	0.030315425	-0.049237218	0.002435185	-0.011509739
0.039821994	0.032692675	-0.0071458705	0.021559361	-0.021496309	0.047775414	0.011547815	0.042343806	-0.047091722	0.027448062
0.027038064	0.011770748	-0.0028078668	0.00012837723	-0.047750663	-0.025146306	-0.013235368	0.001776658	0.010819279	-0.014125027
-0.04147818	0.017988171	-0.04244411	0.033469092	-0.0012159124	-0.015704822	0.0040261634	0.04869305	-0.028057551	0.016251396
0.010988809	0.038500372	-0.033716515	0.019096944	-0.04376334	0.018412564	-0.0037292019	-0.01827731	-0.04407215	0.004048776
0.037727702	0.010181438	-0.03041848	0.016949799	0.00040421635	-0.048043776	-0.027876986	0.025919463	0.043132875	-0.048318338
0.046433773	0.048722778	-0.0450817	0.024195638	0.0067172423	0.049942996	-0.016171433	-0.013222955	0.038134526	-0.039340448
-0.037527584	-0.00951568	0.038768623	0.046968374	0.019668352	0.016730737	0.039586175	-0.047190275	-0.03745072	-0.028758908
-0.027063835	-0.010674715	0.040169183	0.022726152	0.020812538	-0.015979301	0.030507576	-0.012177311	-0.03525722	0.030044567
0.03633369	-0.015253019	-0.003688909	0.04062524	-0.03013724	-0.009298395	-0.0030368455	-0.0137500055	-0.028342545	-0.038829543
0.040358093	0.017113138	-0.0052121766	0.025344457	0.04871564	0.011251319	0.022180233	-0.002819121	0.026646081	-0.046701696
0.042228673	0.0012800917	0.045665096	0.009926546	0.019499395	0.005843889	0.018749882	-0.00225991	0.0055979975	-0.0023187026
-0.73187953	0.79748875	-0.69192207	-0.7904399	0.74602216	0.9641517	-0.77209663	-1.0418255	-1.0089103	-1.0370636
-0.005591713	-0.039191306	-0.046979368	0.022092652	-0.01181104	-0.012379408	0.00829003	-0.011353016	-0.0054369792	0.03200117
0.014073636	0.029548083	-0.03521346	0.037765328	-0.028370475	-0.024276495	-0.031147528	0.023371343	0.042000715	0.021227133
0.029791582	-0.04550736	0.014915895	-0.029981494	0.032067146	0.031110179	-0.021633089	0.046104025	-0.029550707	-0.030625714
0.048992302	0.04870871	-0.035956882	-0.033719815	0.020458017	-0.005410146	0.04386734	-0.0024921894	0.012212358	-0.025396287
0.033363197	-0.019839847	-0.018022798	-0.04544122	-0.025054002	0.008037616	0.029192735	0.023780916	-0.046825837	-0.0077792034
-0.013071954	0.01804537	0.01256955	0.039140437	-0.018147707	0.0012948886	-0.046410073	0.025450204	-0.035682417	-0.049929954
-0.043456793	-0.01867627	0.021858957	0.038780797	-0.008576393	0.044706892	0.012444437	0.0017235167	0.007957958	-0.03248097
-0.0061105005	0.0071260333	-0.03821821	-0.00011705235	-0.01232015	0.035889354	0.04131526	-0.039800324	0.046473395	-0.044219043
-0.032020677	0.017684583	0.014520157	0.04095011	-0.046329796	-0.035689045	-0.039586436	-0.0005206689	-0.033389628	-0.004689943
0.047749434	-0.033323243	-0.047360756	0.028318	0.02952161	-0.028581752	0.033591125	-0.041196488	0.0034209602	-0.0450315
-0.03686315	0.045184936	0.021364186	0.00565096	0.029021312	-0.00051384047	0.04323567	-0.01616497	0.045643736	-0.0148768425
0.0042495616	0.022617076	-0.014657855	0.04249512	0.0034773573	0.02506901	-0.03918909	-0.029624606	-0.04191806	-0.0049705133
0.023008313	-0.011926401	0.027531516	0.011124052	0.015631903	0.0005341992	0.043524835	0.009251345	0.040175524	0.04982635
0.032699097	0.049864415	-0.014719807	-0.0010566004	-0.025714492	-0.022200465	-0.02457924	-0.029920233	-0.043706488	0.014854882
-0.21992669	0.73780906	0.9081574	-0.5957541	0.75726485	0.7983465	0.9619995	-1.1064789	-0.66177005	1.0170183
-0.0338187	0.03357878	-0.0420568	-0.043065596	0.006101977	0.036832143	0.013952825	0.0017303601	-0.013105787	-0.005574502
-0.0025948398	0.025934469	-0.007443119	-0.03911066	0.009931169	0.015115354	-0.049801957	0.0057062283	-0.016530883	0.012865555
-0.058330353	-1.1153042	0.5703766	-1.1100845	0.89761835	0.8587311	-0.25053555	0.02240741	-0.75671685	-1.0756981
-0.004702568	0.010678053	0.01902436	0.02663641	-0.03897674	0.01670457	0.040210906	-0.026813282	0.036602262	-0.024102582
-0.60453564	0.68883586	-0.754112	-0.2027825	0.93419677	0.93154496	-0.9042738	-1.1158079	-0.6838775	1.0635662
0.0057955496	-0.0018540621	0.014514212	0.0255096	-0.028836025	0.049865235	-0.010137033	0.03961518	0.030859124	0.0143307485
-0.013043143	-0.0310292	0.010086168	0.008028161	-0.022800302	-0.0013165101	0.01456498	-0.028528525	-0.047147203	0.038260292
-0.029912436	-0.006215416	0.018470194	0.04395831	-0.03628248	-0.0023550503	0.033649947	0.03944135	-0.004677117	0.0028869994
0.0041278824	0.039063703	0.032533836	0.045365166	0.035032902	-0.044764936	0.018701438	-0.01560371	0.0032462962	0.0022767186
-0.0076945648	-0.02948885	0.008917272	-0.04654182	0.027841661	0.013198722	-0.01950903	0.041191388	-0.049276102	-0.046074998
0.012898613	0.045444775	-0.04028237	0.012830261	-0.010351099	-0.024129927	-0.02707764	-0.020140087	0.017760541	-0.016295232
-0.023473501	-0.018878853	0.029615667	-0.024399841	-0.03761097	0.03992058	-0.018092465	0.01591326	-0.024169434	-0.034442842
0.01752602	0.023056481	-0.038202632	-0.013867438	-0.023641158	-0.03528174	-0.026836157	0.011202872	0.0005895868	-0.027834488
0.023975793	-0.022644807	-0.0057155862	-0.03458309	-0.008318007	0.008565165	0.021577332	0.035456363	0.037018504	-0.005313147
-0.0040737614	-0.031417385	-0.011953641	0.031462196	-0.021844685	-0.034891605	0.013074968	0.03486241	0.04009423	0.009516835
0.007857632	0.04063766	0.0078289285	0.03920685	0.012918498	0.021688785	0.02018733	-0.003826499	-0.045348074	-0.010913052
0.019434858	-0.021957481	-0.013098348	0.0063293204	0.018721912	0.008980714	-0.004637398	-0.03270811	0.018187609	0.010653984
0.0039205328	-0.018511318	-0.015125275	0.02637222	-0.036072314	-0.045963313	0.022727732	0.04783379	-0.019856667	0.031239595
0.015536655	-0.049410414	-0.047543287	0.025949027	0.033459675	-0.04166732	-0.014164794	0.042707983	0.042683873	-0.042083252
-0.017256774	-0.018673789	0.012502421	-0.041175425	-0.018199898	-0.042836655	0.022104587	-0.027095033	0.04449686	0.043548916
0.033369813	-0.018596698	0.035381462	0.030011762	-0.023080325	0.037892785	-0.02982819	-0.041373897	0.018154692	-0.04380969
-0.048965372	0.025933709	-0.04276655	-0.028229153	0.012221027	0.017311659	-0.046874583	0.04275496	-0.0341203	0.04746679
-0.025121009	-0.034342885	-0.02267685	0.031451453	0.0067971237	0.0100700855	-0.044319477	0.04583827	-0.04207617	-0.021957576
-0.044994663	0.020155717	0.013866115	-0.045226753	0.04100928	0.02150743	-0.048330273	0.0011293776	0.028881278	-0.04461682
0.035152707	-0.009766258	0.013374317	0.009946536	0.0024696365	0.010082483	-0.0033332221	-0.0019092187	0.036169697	-0.032117404
-0.010907747	0.009079076	0.02811635	0.002496183	-0.043706622	-0.024329519	0.0002772808	-0.036210775	-0.039831974	-0.011300445
0.04776365	-0.04246701	0.025985133	-0.010899197	-0.021340072	-0.040745925	-0.032847643	-0.020428194	-0.014984548	0.013025824
0.034980547	-0.0028443448	-0.04671469	-0.044333603	0.0045049675	-0.008359086	-0.008709155	-0.035543345	0.013059881	-0.018636085
-0.03817122	-0.0078616515	-0.040618062	-0.029057657	-0.045831826	-0.01986382	0.0284479	0.02835555	-0.033593908	-0.026417052
-0.029627264	0.009347022	0.0070534237	0.0032307878	-0.03710773	0.04646914	0.018555429	0.040700365	-0.019003296	-0.0010280125
0.66080797	0.120788105	0.82876056	-1.0746801	0.78941226	-0.5858632	1.1014051	-0.97695607	0.619158	-1.0741466
0.004921507	0.043872897	-0.036650468	0.048241857	-0.049754776	-0.00010423735	-0.039831974	-0.015724193	0.00940292	-0.009276319
0.02049372	0.04335166	0.04125421	0.03192414	-0.027180243	0.04325377	0.019242655	-0.03696419	0.006118905	0.044183288
-0.25062	0.5451667	-1.1445585	-0.34259382	-1.0858861	-1.2091472	-0.21922691	1.0305959	1.2207019	-0.18997635
0.6174303	-0.15940696	0.80381453	-0.71335703	0.75559866	0.8452749	0.8985405	1.0622187	-0.85261345	-0.882409
-0.029057026	-0.010091327	-0.012793291	-0.0051009543	0.015401725	-0.023905529	-0.014615633	0.032357406	-0.040416777	0.034326803
0.044857908	0.027367879	-0.020621836	-0.034257494	-0.00017840788	0.026689958	0.03834578	-0.020794844	0.019260433	-0.004276037
0.029945109	-0.02981447	0.002102293	-0.0037092343	0.04394119	0.043975268	-0.011847306	-0.011800647	-3.5692006e-05	-0.003933478
0.025512066	-0.015428185	-0.048317958	0.017460492	-0.03794253	-0.021461679	0.0061026104	0.031685624	-0.033464156	0.0032273047
-0.007377349	-0.015626274	0.039777968	0.03047457	0.026226293	-0.0023659244	-0.030523289	-0.017604448	-0.016712807	0.030275274
-0.024823178	0.03585669	0.032549012	0.009102713	-0.010121357	-0.049650338	-0.036657225	0.028348181	-0.0008394234	-0.0038975477
0.042765286	0.044543993	0.041736785	-0.016494095	-0.015868507	0.039771523	0.009337306	-0.014727425	-0.03011086	0.044289257
0.97120446	0.6821595	0.8870588	-0.8149445	0.93485636	0.9223968	-0.91528004	-0.99146533	-0.099994555	0.5763619
0.04912411	-0.04911665	0.028368365	0.03758638	-0.037030935	-0.013357747	-0.006899476	0.024107102	-0.038346745	0.043434907
0.016711902	-0.048387077	0.03826121	-0.035283696	-0.015480708	0.022108484	0.007200528	0.041476343	0.012694623	0.0027864687
0.8465986	-0.058374416	1.1849955	-0.42048597	-0.59422505	0.88578224	1.2491777	1.2026386	-0.58303386	-1.1759537
0.038167063	-0.030284846	-0.004032396	0.039306115	0.009992339	-0.006644357	0.019228723	0.0050166473	-0.011109818	-0.0061732642
0.0042333007	-0.02500981	0.03827704	0.027004827	0.006610252	-0.0055133216	-0.008547284	0.046014417	-0.03274528	0.000913132
-0.82777065	0.6685591	0.8202477	-0.81303585	0.7884986	0.41040224	-0.79065603	0.5410473	0.8546497	-0.79182714
-0.040439725	0.027658727	-0.037445653	0.009218	-0.0463531	-0.009583138	-0.042369604	-0.0029821768	-0.019560684	-0.001132261
-0.020984197	0.0034982339	-0.0040687323	-0.016174197	-0.014679801	-0.018900478	0.0035523772	-0.021544004	0.036826324	-0.010606907
-0.9757918	1.2282537	-0.32425097	0.98179126	0.9123676	0.5383228	1.0260633	-0.8838377	1.0708112	-0.8092665
0.007079266	-0.01342956	0.047991406	0.023694184	-0.005524777	0.049052443	-0.014467217	0.010263134	0.04701862	-0.0043894276
0.027664471	-0.02356683	0.017450068	-0.017781116	0.010714043	0.039444555	0.03118037	-0.01224532	-0.042194437	-0.013820887
-0.02786076	0.026970569	0.021255884	0.046997737	-0.037679743	0.046060335	-0.006279886	-0.01331972	-0.032100394	-0.008987952
0.030222807	-0.009624124	0.017071571	-0.00475315	0.016208742	-0.013016187	-0.008185886	0.041186858	0.026364695	-0.027318586
0.030632127	-0.015109621	-0.025172068	0.028373782	-0.006692659	-0.047029115	0.008175015	-0.0021523014	0.038310472	-0.031825267
0.0015415549	-0.02148757	-0.024233913	-0.024735665	-0.030193914	0.04696505	0.048762385	-0.041902363	0.04901481	-0.02961092
0.010908663	-0.020541966	-0.023441195	-0.042508554	0.049033273	0.013758782	-0.011001062	0.020373654	-0.024045898	0.03638229
0.049170006	0.045728985	0.033650424	0.01779243	0.011386894	0.01675072	0.00020592287	-0.032556117	0.03840636	-0.031533718
0.044734586	0.0006679185	0.04137511	0.001473736	-0.04407097	0.004381098	0.011307549	-0.039378475	0.016099062	-0.027382482
-0.04165095	0.037687186	0.010728918	-0.032289088	0.028809335	0.022307482	-0.009542942	0.04473542	0.023593713	-0.0065522417
-0.047338583	-0.040539276	-0.033356786	-0.046851125	0.032775227	-0.044672694	-0.025902927	-0.04270166	0.029856626	-0.014937401
-0.017542493	0.048043992	0.0054422393	-0.013481639	-0.02288177	-0.031052172	0.043341313	0.009020258	0.004030049	-0.022592163
0.03540248	0.031758796	0.0020609982	0.0020885952	-0.028844118	0.04922651	-0.04849119	0.029049207	-0.009041596	-0.0150914565
0.046307456	0.04302839	0.028841447	-0.012769699	0.016369905	-0.012201704	-0.010910787	0.02347419	-0.042828023	0.008071803
-0.028646184	-0.049251355	0.044997517	-0.049800552	0.028317	0.04703564	0.016541455	0.027737271	-0.04188832	-0.023785865
-0.049227692	0.04575808	-0.02947024	-0.044727337	-0.019719435	-0.01783923	0.035278033	0.031595733	0.0077546947	-0.0039835796
0.6805452	0.6977396	0.5997427	0.6586793	-0.63990444	0.7332137	-0.62653047	0.6181841	-0.6673715	-0.6522524
0.02794138	0.03913102	-0.012200106	0.020415101	-0.0031535737	0.008228589	0.042565677	0.013599817	-0.0070139766	0.017841008
-0.029638743	-0.04857861	-0.03079921	-0.019903993	0.0040074587	-0.034296155	-0.0039870627	0.047344577	-0.012470938	0.019867506
0.0019085892	-0.004157521	0.037499335	-0.0028287284	0.043152276	0.015157942	0.043359723	-0.018025469	-0.012297988	-0.0025666468
-0.004705716	-0.005054295	-0.0017839894	-0.030303765	0.0028678998	-0.002475977	0.042923477	0.020157646	0.0005794056	0.0038476363
-0.04778868	-0.021532059	0.03884511	0.022416327	-0.04982077	0.03809968	-0.025912154	-0.048415434	0.020288732	0.04128727
0.02723879	-0.0020191893	0.00437212	0.030002762	-0.04294455	-0.0020177588	-0.016693164	0.026221227	0.04731566	0.028017703
0.020243611	0.033379886	0.04312477	0.020726088	0.009032261	-0.02838998	0.0010802522	0.03783751	0.017564807	0.009593762
-0.029140819	-0.011493422	-0.029263055	0.03799722	0.0060365424	-0.005700279	-0.025969947	-0.0146044865	0.04899246	-0.04281653
0.029810105	-0.0038638487	-0.033677615	0.0056802854	-0.036335133	-0.012173653	0.031053353	-0.013133667	-0.028310467	0.02801336
-0.005009841	0.04997612	0.019669201	-0.025006449	-0.023262119	-0.039342023	0.040379215	-0.049365174	0.03378812	-0.018917752
-0.8514722	-0.06684586	-0.86694664	0.89544123	0.8845736	0.9476213	0.89063853	-0.8965871	-0.90091765	0.9007852
0.0457764	-0.030422235	-0.0023156889	0.017447282	0.007476378	-0.030073846	0.033267725	-0.020974804	-0.012596309	0.034866717
0.035260353	0.0015210509	0.021839086	-0.004227422	-0.03375151	0.033253286	0.038854633	-0.014351927	0.046247665	-0.022130549
-0.035262205	-0.03792144	0.022702742	-0.022489607	0.020118784	0.005545389	-0.010172285	-0.012033045	0.016612973	0.045713056
0.012757789	-0.03971721	0.021318857	0.017901074	0.046968605	0.041428987	-0.0011944398	-0.047507096	-0.005026698	0.011024632
0.04796565	0.012392294	-0.006457042	-0.020741511	0.035788145	0.0022246353	-0.035404038	0.041901376	0.017287616	-0.004176747
-0.0428633	-0.008256339	-0.004738964	0.03173932	0.039168026	-0.043695282	0.0050135255	-0.028499996	-0.034339145	0.003196679
0.03943496	0.042445574	-0.033480547	0.04932079	-0.0028964654	0.019442093	0.013114061	-0.032029174	-0.0381035	0.03920536
0.37476772	0.83199525	0.92498493	-0.067954965	-0.11044326	0.65459317	-1.2824494	-0.9191992	-0.4409603	1.0449628
-0.020723939	0.014590289	0.017819833	0.019701932	-0.019364953	0.0441018	0.049696233	-0.013659537	0.027148906	-0.048703946
0.04246277	-0.0280954	0.042655874	-0.02764051	-0.034049213	0.03462312	-0.032259345	-0.03901267	-0.0008857362	0.003034126
0.9232778	-0.85160005	1.0070441	-0.5042065	0.5792249	0.78612185	1.1683086	1.5256072	-0.9825412	0.1479717
0.54334277	0.8883837	0.56754726	0.74636656	-0.5894635	0.8321081	-0.67743474	0.92406476	-0.9648867	-0.92943096
-0.013399936	-0.0066533573	-0.04680394	-0.017135896	-0.031016469	-0.03852755	-0.009739328	0.009492792	-0.025197912	-0.03010614
-0.017255865	-0.02291646	0.004304923	-0.03101102	0.033479776	-0.032908846	-0.039162077	-0.03506588	-0.0047071464	0.041476462
0.041909385	0.018605892	0.015929554	-0.0318318	0.017433513	-0.022809887	0.02455001	-0.020134676	0.019386176	0.037661638
-0.008771919	0.04139589	0.0016981848	0.04351301	0.016290318	0.009449124	0.002035059	0.017668735	-0.021908844	-0.047057725
-0.03982805	0.020128105	0.015344474	0.029052291	0.0037908442	-0.008839965	-0.017846547	0.010557868	0.0039876327	0.016249988
0.018501732	-0.0017957464	-0.04279956	0.009196602	-0.025069797	0.023484815	-0.039152287	-0.01999098	0.029212546	0.004860174
0.58918434	0.8408285	-1.0230424	0.9086566	0.91713554	-0.70536053	0.7791107	0.6560628	-0.84116715	-0.8215982
0.74618423	0.78918904	0.7154482	1.0225588	0.9485389	0.9647023	0.78634083	0.6447813	0.90089977	-0.8505997
-0.009368312	-0.008918263	-0.04873413	0.030706588	0.039373886	0.020877969	0.0107092485	-0.03417529	-0.019856978	0.03570534
-0.00021185726	0.031087663	-0.011806022	0.032065336	-0.049334824	3.4846365e-05	-0.02048099	0.028275657	0.043849323	0.028152872
-0.74538857	0.7186512	-0.6964523	-0.6469385	-0.5464408	-0.7764943	-0.67967755	-0.77707833	-0.6998434	0.8138506
0.013389353	-0.028903997	-0.031916965	-0.018564321	-0.031558193	-0.031106317	0.02631661	0.03958117	-0.04706627	-0.014190484
0.004614949	-0.012039445	0.004850555	-0.035481393	0.043625664	0.018344346	-0.034473695	0.011556886	-0.035666157	0.017009053
0.014260802	-0.01830728	-0.043213584	-0.00880878	-0.034975696	-0.04525254	0.0050985813	-0.0104627125	-0.0370093	-0.017897926
-0.03820888	-0.02170211	-0.048098158	-0.01411004	0.022221852	0.038983073	-0.010199856	-0.031562675	0.013552222	0.0043238625
0.010583796	0.023946594	-0.004424859	0.047557365	0.02720647	0.025014553	-0.030570973	0.024702523	0.02082416	-0.044353273
0.044699494	-0.030122936	-0.031565033	0.03571396	0.031714153	0.033684757	-0.04463142	-0.029670333	0.044315044	-0.020386089
0.0028439164	0.032415178	-0.009397864	-0.025800658	0.033003557	0.020877395	-0.008263659	0.004949808	-0.020923806	0.03466532
-0.019371642	-0.013667356	-0.019077396	-0.02794888	-0.044147313	-0.022219313	0.029913519	0.04285599	0.022272173	0.04531384
-0.009122647	-0.009692479	-0.014998294	0.029830646	-0.014667619	0.03704722	-0.017757632	-0.01746719	-0.030072546	-0.035943188
0.033523086	-0.03279084	0.021571588	0.037567426	0.026005793	-0.026581287	-0.035070848	-0.04574846	0.011386145	-0.03310412
-0.039081573	0.04922558	0.048265968	-0.025336087	-0.024396265	0.026215065	-0.026385343	-0.0025943294	-0.023069406	-0.04703064
0.0016493201	-0.013287984	0.004799258	0.04229826	0.037013102	0.030102264	-0.046670593	0.027069774	-0.0044147	-0.027375031
0.005315304	-0.02103448	-0.015733529	0.0037907846	-0.0347749	-0.03855865	0.0057430975	0.010576118	-0.04090936	0.020612944
-1.0626999	-0.28653514	-0.8224046	0.9655638	1.2346363	0.4654463	-1.198019	-1.2348994	1.1051569	0.9925322
0.61197037	1.0998927	-0.7028106	-1.3931767	-0.81713533	0.008466488	-1.0801677	-1.0515537	-0.6837549	-1.006789
-0.0056335926	-0.045384564	0.014132742	0.0032946467	-0.017106153	-0.027169501	-0.02264068	0.02749784	-0.04391208	0.0063453205
0.01776911	0.020764504	0.004803814	-0.034436952	0.040002298	0.013030741	0.0050566196	0.011564076	0.03197283	-0.020013332
-0.87174606	0.56011784	-0.89853	0.89521754	0.7242642	0.08544338	-1.0755353	-1.0632117	-0.6981714	-0.64028084
-0.7174318	1.0520071	-1.0179431	-0.8892224	0.66721666	-1.0792103	1.3380948	-0.6230237	-0.0479258	-0.48608863
-0.0005052462	0.027732398	-0.039162494	0.012994554	-0.0074064136	-0.042537298	0.0070783496	-0.023827804	-0.036705602	0.011163592
-0.029166663	-0.03408481	0.039248038	-0.009352911	0.023461353	-0.013323747	-0.009188794	0.02047452	-0.03760209	0.02810191
0.036736917	-0.01489247	0.01732869	0.011419762	0.0120606795	-0.028837323	0.009349763	0.021709058	-0.040910758	-0.012031019
0.04740001	0.049209703	-0.038204122	0.022429097	-0.01989807	-0.043220233	0.016971592	0.017884616	0.02126452	0.045977566
0.04783744	0.022349108	-0.010792218	-0.00906663	-0.023105776	0.043159757	-0.015597917	0.01730318	0.044627335	-0.005019583
-0.03942622	0.040516738	-0.045750666	0.04660059	-0.04051415	0.0265075	0.012215804	-0.022071064	0.01830173	-0.027465237
0.8388607	0.8889644	0.8764964	-0.35471308	0.93842196	0.9451506	0.8053424	-0.8070603	1.079209	0.91799784
0.013523664	0.044128966	0.04108763	-0.0445436	-0.012594271	-0.0005562417	-0.025714898	0.017297152	-0.013246261	-0.025454998
-0.0122383945	0.039462987	-0.03126295	0.011450112	0.029325996	-0.009494733	0.003488876	-0.016720843	-0.01783527	0.03532097
-0.043023348	-0.00039601326	-0.014491402	0.0038689151	0.03196012	-0.031968534	0.038807813	0.024881493	0.013326917	0.033639204
0.04197443	0.011992298	0.049432006	-0.006975841	0.006559588	-0.002178155	-0.034868933	0.033546332	0.015333962	-0.018124163
-1.1594727	-0.34211177	-0.8907933	-1.2942035	-0.7982313	0.8103656	-0.055089157	-1.2957475	-0.4749827	1.1282219
0.035097513	-0.02681129	0.04668385	0.031864334	-0.018135987	0.030312669	0.035764884	0.04199959	0.018916633	-0.023820592
0.04899997	0.011316229	-0.038677692	-0.03524996	-0.033226408	-0.036804877	0.03499404	0.033186104	0.030431543	0.003930591
0.03489757	0.034511615	0.031801913	0.0011392832	-0.025942374	0.047028054	-0.04522246	-0.013018191	-0.0077817924	0.034757327
-0.039465833	0.020644758	-0.029214788	0.038492773	0.023486566	0.041653167	0.02712835	0.028602276	0.03480741	0.007813014
-0.024774194	0.02876005	0.044635776	-0.0043798797	-0.04053961	-0.011572052	0.01714008	0.043735538	0.030280497	0.028662447
-0.004733514	0.020583201	0.034652997	-0.0029608384	-0.022931589	0.0027264953	0.008974709	0.0031159297	-0.02098359	-0.03986908
-0.017549504	0.0059145205	0.025701988	0.013521183	-0.029184867	-0.031561613	0.031375017	0.046538655	-0.013473295	-0.007229317
-0.04564332	-0.0007544048	0.041696314	-0.029710447	0.0067707896	0.0259416	0.02124517	-0.04940747	0.04375359	-0.04792458
0.001375068	0.03672326	0.012425005	-0.02868694	0.04931779	0.0017214194	-0.014794935	0.0409869	0.02466179	-0.0137293115
0.011310566	0.014170174	0.016663741	0.04627868	0.03599609	0.048806634	0.01098286	-0.0047060736	0.04539961	-0.018665086
-0.02047862	-0.007066179	-0.0005690232	0.033194456	0.018004108	-0.041598357	0.019019429	-0.032360077	-0.031079972	-0.03135641
0.78009963	1.1442912	0.9642288	0.48039833	0.5962692	-0.5339493	0.8484924	0.7919644	-0.9811168	-1.0818129
-0.04104147	-0.043056082	0.036251497	0.0063989162	0.008695602	-0.035191905	0.028902475	-0.033463553	-0.037576783	0.032198
-0.047756553	-0.0005904436	-0.0358194	-0.021467496	-0.0069325343	0.03227422	-0.034568034	-0.038900077	-0.04555727	-0.010841835
-0.01207025	0.036872175	0.0013826266	0.04783264	-0.03475629	-0.021001268	0.045749594	0.008419406	-0.042223763	-0.039076366
0.040897023	-5.567074e-05	-0.009265494	0.035843063	0.023854982	-0.01908846	-0.020605564	0.0006959662	-0.038882542	0.024820711
-0.004603613	-0.034593035	-0.04903723	0.012085449	-0.02475667	0.035050537	-0.03227277	-0.039377213	0.011924636	-0.00072368234
0.3794317	0.21756342	-1.1573834	0.42113748	-0.97692204	1.0173659	-1.2071606	1.0956675	-1.1538018	-1.1467478
0.017217014	0.015408304	0.034866	0.026391353	0.026036624	-0.045226514	-0.012284435	-0.036518823	-0.003903307	0.029356394
0.038996127	-0.029169882	0.026331972	-0.0019088164	-0.0218817	0.045347523	-0.03389857	0.025994096	0.030746374	0.039452944
-0.02085433	0.049018178	-0.016668152	0.003939461	0.0068059936	0.011862695	0.0463246	0.01954602	0.022890482	0.0066655055
-0.009406257	-0.02039436	0.007617809	0.032768678	-0.03492247	0.02711672	-0.04298401	-0.030898178	-0.046325114	0.026822757
0.039058756	-0.021601057	0.0073993206	-0.011331916	0.03273518	-0.022780705	0.0038193353	-0.030945385	0.009682655	0.03849757
0.033292722	0.023372222	0.01454914	0.04914162	-0.03230542	0.019043993	-0.0033118948	-0.004970789	0.041223	0.021807265
-0.03914102	-0.039004374	-0.044516504	-0.047753572	-0.023208475	-0.01842475	-0.032087184	0.04040804	0.043458913	-0.049198985
-0.010311842	-0.029283404	0.0122233145	-0.0014385469	-0.027889872	0.04472473	-0.023188626	-0.045435917	0.0030649789	0.0052179806
0.0046012513	0.044672158	-0.031262457	-0.043340813	0.0084146485	-0.014054753	0.018278722	-0.0028074272	0.028007034	-0.00023586676
-0.047118653	0.021908704	0.023496542	0.027329985	0.0050020106	-0.01744163	-0.009916116	0.011378776	-0.00034899637	0.011701036
-0.42607394	1.1922822	-1.1109017	-0.4903791	-0.90155053	0.99174345	-1.114261	0.93498725	-0.49004954	0.6127491
0.038582888	-0.047211625	-0.036738373	0.027194213	-0.017908823	0.009743929	0.004609801	-0.027704585	-0.018393982	0.035428654
0.04326823	0.01564927	-0.04685619	-0.049599897	0.015786875	0.0038604513	-0.041905057	-0.041942608	-0.0141246095	-0.014585711
-0.024067296	0.04704405	0.040493045	-0.031572483	0.039030183	-0.005768813	0.007869206	0.049332503	-0.012424815	-0.027726782
-0.019852294	-0.011367641	-0.046630632	0.025008712	0.010217715	-0.0013202429	-0.020230426	0.035602424	0.016681861	-0.019557072
1.0220335	-0.2995782	1.1503391	-0.35083583	0.98310626	1.0919309	0.95967466	-0.9985868	0.550017	1.102627
0.748583	0.27241716	0.8070555	-1.0697033	0.8804263	0.91858876	-0.85739565	1.0019221	-1.0258913	-0.044777162
-0.047252048	-0.019346727	-0.008276809	0.025938738	-0.004996229	0.009389568	-0.017345857	-0.034657765	-0.003590893	-7.79517e-05
0.036211018	-0.04631406	0.013550285	0.016714934	0.044326175	0.014425818	-0.010101497	0.03352021	-0.030683745	0.00021260977
-0.027980948	-0.042885996	0.019259121	-0.037792396	-0.02867099	0.034857046	0.04263263	-0.008179773	0.046040867	0.044774223
0.035849046	0.0418798	0.045399938	0.013528291	0.010621168	0.049878705	-0.034924366	0.03783988	0.04481603	-0.049509075
-0.04054191	0.007070221	-0.028986324	-0.028977895	0.0053118095	0.046739016	-0.04126811	-0.01618912	0.0041776076	0.014346097
-0.021637011	-0.02596873	-0.022521306	-0.031325772	-0.011258233	0.030373741	-0.021416878	-0.03470751	-0.049000528	-0.031073762
0.025759961	-0.022666013	-0.015189122	0.01069057	0.04287759	-0.025764454	-0.0414536	-0.04784851	0.0009766445	0.0120278485
0.0030178204	0.025949989	0.022977259	0.03641628	0.025886033	-0.040659714	0.0034919493	-0.030884182	0.042329397	0.04655266
-0.0026164427	-0.021002341	-0.0038133375	-0.0042593963	-0.008393548	0.035310734	0.017806698	-0.027934134	0.017583217	0.0052534565
0.047720525	-0.036828768	-0.02098893	-0.0025100335	-0.0054297335	-0.006531678	0.038782146	-0.033119224	-0.040341593	-0.02913468
0.025353173	0.8389778	-0.26073396	1.1545625	-0.9918269	-0.7209089	0.66043353	-0.612167	-1.0924124	-1.0936708
0.024681356	0.04424003	0.002613686	0.024300802	-0.0047248974	-0.027323497	0.022852872	-0.027956296	-0.03797569	-0.022704482
0.04928037	0.016550053	-0.017666876	-0.024515105	-0.037177563	0.022474658	0.0015298948	-0.0484594	0.0004966855	0.03993449
0.7381793	-0.8681434	-0.8335577	0.92087907	0.79219514	0.74764436	0.7987986	-0.8825271	-0.061038405	-0.7846861
0.03346293	-0.040480554	0.041232157	-0.0077772364	0.04937985	0.047353234	-0.03580613	0.04555488	-0.007962108	-0.047406614
0.5819308	1.1998013	0.33228433	-0.5588957	1.396122	0.62444824	-0.92495537	1.0835326	-0.25237033	-0.7843356
-0.04207809	-0.046546616	-0.02459078	-0.02731198	-0.036738586	0.02990606	0.049858894	0.043651465	-0.020006372	0.018696692
-0.022700632	0.049498525	0.011383317	-0.01896491	0.021742593	-0.00695578	0.02111033	0.004922699	0.0019731037	0.0070690997
0.038612198	-0.047312964	0.027963702	0.0300056	-0.03910668	-0.04415202	0.016727734	0.043145645	-0.030775953	0.041131858
0.03697053	-0.038371824	-0.045949675	0.011716425	-0.017636798	0.006782733	0.028403405	-0.006277941	0.012675796	0.02499706
0.046893444	0.047760915	-0.0019756556	-0.0020239577	-0.026948905	0.0009708293	-0.016583014	-0.03113451	-0.0026074275	-0.0034149662
0.040119912	-0.027137792	-0.038619816	0.02046517	-0.016713869	0.047172222	-0.032809034	-0.0075459965	-0.0010197647	0.008360684
-1.1243917	0.15409365	-1.2511634	0.29044297	-1.4224068	-0.48488066	-0.50025445	1.1335609	-1.0244061	-1.112751
0.0019524693	-0.024955928	-0.015811004	-0.023951745	-0.0012549534	-0.00032031536	0.02203225	-0.041856766	0.015485529	0.036051597
-0.026465142	-0.027698481	0.025740039	0.024420228	-0.036026277	-0.016380738	0.0012838021	-0.02713411	0.016271796	-0.003187418
-0.022451783	-0.034093965	-0.045617472	-0.030591404	-0.0100425705	-0.046840634	0.0106239915	0.009756982	0.031719554	-0.033173755
0.027596463	0.04469459	0.03797276	-0.01887752	0.02373818	0.01875088	-0.026279164	-0.002060175	0.034975555	-0.039072134
0.79948896	0.97540694	1.0212092	-0.9233586	-0.8949913	1.0609946	-1.0918118	0.937743	0.5122194	0.96307343
0.04432327	-0.02366581	-0.045610487	0.022146177	-0.04968239	0.014198292	-0.013517927	0.04345038	-0.027062405	0.0020531416
-0.89171803	1.1207849	-0.9480816	0.7485108	0.22935592	-1.0260528	0.82506347	0.04867082	-1.0554221	-0.85308725
-0.009249043	0.0032529458	-0.044268765	-0.009505916	-0.035542596	0.02419665	0.008107353	-0.038843952	-0.049718406	-0.02509433
0.78307694	0.8063241	-0.81373644	0.8392328	0.86879724	0.96521246	-0.724416	0.78436816	0.8116344	-0.76865983
-1.0896399	-0.17270899	0.98555785	-0.31621355	0.08963813	0.72032225	1.181348	-1.1197264	-0.8499779	0.7494116
-0.015956782	0.02500024	-0.039733745	0.048183706	0.018075649	0.049324874	0.040767457	-0.026580274	0.009096514	0.028401677
-0.025148703	-0.03715582	0.009579252	-0.0067319497	-0.0074925907	-0.019524395	0.016843822	-0.024467433	0.022943262	-0.012483884
-0.0074449405	-0.0020734183	-0.024963414	-0.034529436	0.02456728	0.041065026	0.017059568	0.019044768	0.0006952062	-0.005039979
0.8359716	-0.6251891	-1.0003517	-0.878421	0.97975725	1.0880785	-1.0120767	1.0434555	-0.8338725	0.9966044
1.0830157	0.72086334	1.2831563	-1.1425848	0.5398497	-1.2765499	0.18956643	-0.83744764	0.8978267	-0.9215253
0.04927149	0.03339759	0.014819037	-0.03356532	0.026575554	0.048585687	0.019794095	-0.005448103	0.04427967	0.038165305
-0.001464475	-0.046450734	0.023879323	0.021153282	-0.041827798	0.02756783	-0.040428232	0.038573492	0.014123429	-0.016355347
0.0280695	-0.009985469	0.033902537	0.036482487	-0.015875079	0.028368745	-0.043251693	-0.032224394	-0.00028389692	0.016741637
0.028749276	0.0027309768	0.027289238	-0.04325762	-0.036078274	-0.0063851364	0.006329011	-0.025534285	0.029963624	0.03930149
-0.04769912	0.028804068	-0.018422317	0.044253554	-0.0029767044	0.031046484	0.04318453	-0.00041294098	-0.04681312	-0.023040248
0.029263798	0.027314875	-0.022897506	-0.04914775	0.004225932	-0.043704774	-0.013368141	-0.0104104765	-0.03488467	0.038104128
-0.9642503	0.81907326	-0.7451173	-0.89757395	0.8565727	-1.0531344	-0.658633	-0.8866817	-0.8198088	0.38492066
-0.002596639	0.02856407	0.020134341	-0.034747064	0.015776027	-0.03546344	0.010477733	0.0273037	-0.0013424531	0.030303452
0.045992646	0.014607798	0.03149991	0.04522166	-0.031512905	0.007053364	-0.042854954	0.03825352	0.012525689	0.047481123
-0.046240818	0.037504796	-0.044396233	0.048704278	-0.03385385	0.020188097	0.04527283	0.016839925	0.021484602	0.042575274
-0.88474196	0.83837634	-0.7831414	0.8415525	0.8610215	1.0780541	-0.8042574	0.36666304	-0.85247296	-0.6549445
0.3171599	0.81197524	0.93668234	-0.77000165	-0.99004805	0.7995186	-0.5961579	0.92865795	-0.9229536	1.0784645
-0.02545482	0.043349	-0.027380599	-0.0036984682	-0.013422359	0.008584678	0.0287125	-0.02120086	-0.048488416	-0.020109713
-0.029232515	-0.03419862	-0.020952761	0.00587219	0.044674147	-0.02594235	0.048181865	0.01845679	0.018750299	-0.04562055
0.02977721	-1.0059531	0.36881265	-0.64319885	0.03054224	0.7003181	1.0208973	-0.56607187	-1.1966811	-1.1895088
0.79251164	0.88674664	0.44561464	-0.857083	-0.9982329	0.10179503	0.94145024	-0.6175097	0.5224579	0.5863903
-0.84224004	0.8499775	0.83237314	0.8335358	-0.76006746	0.8082436	-0.819597	-0.7636321	0.64945406	0.7174263
-0.039035868	-0.042170487	0.04266167	0.03100736	-0.023322154	-0.0013376959	0.028892372	-0.024340523	-0.04930253	0.013016198
-0.017106224	0.01350702	-0.032673158	-0.035924852	-0.022489225	0.02448665	0.015806306	-0.001840163	-0.028644716	0.0045251474
0.018987779	0.045749415	-0.013316285	0.0049896836	-0.035112	0.032185342	0.027170692	-0.0032165535	-0.049537003	0.016567443
0.03690592	0.017673265	-0.040335584	-0.021102417	-0.036717273	0.0027058125	-0.022224236	-0.008935012	-0.0032018311	0.0032745227
0.02588192	-0.038066197	0.036564816	0.023508135	-0.002803482	0.031184327	-0.012985777	-0.04456122	0.020701539	-0.0073188916
-0.018133402	0.047504816	-0.042141996	-0.020611262	0.036176156	-0.039292622	-0.0025139824	0.016764674	-0.030761063	0.008999277
-0.03479465	0.037577283	-0.048993446	0.02692603	-0.012836099	0.04803053	-0.04035424	0.03929672	0.0053927787	-0.039736725
0.7335699	0.8518199	-0.74772847	-0.84712577	-0.79383403	0.84186876	-0.7829577	-0.62243426	0.75262403	0.9580987
0.014775548	-0.00017186254	-0.03918338	0.015586149	0.014574196	0.0040359013	0.014468346	0.008759737	0.019216482	-0.04636098
-0.03658689	-0.015189312	-0.047453046	0.034571137	0.030960593	-0.013937641	0.002580069	-0.032404684	-0.0010270588	0.003448069
0.044185687	0.0020048618	0.016248655	0.023869012	-0.03835528	0.04417168	-0.038000178	0.02778912	-0.04566455	-0.043448187
0.029805947	-0.031408776	0.021405924	-0.042440165	-0.03600483	-0.016777158	0.014220122	-0.0016667247	-0.049785078	0.049874578
-0.006136477	0.044297945	-0.046872832	0.010788251	-0.023860002	0.02698538	-0.002403997	0.033815812	-0.013519537	-0.006124042
0.011248171	0.026278976	0.013889421	-0.016099669	-0.020997262	0.02616081	0.03268938	0.025496278	-0.04377369	0.02323183
-0.049176313	-0.031754173	0.044989195	-0.028326118	-0.030875647	-0.03457899	0.013927225	-6.929785e-05	-0.0007192269	0.027366225
0.045921076	0.0468102	-0.040372528	0.03174377	-0.011764098	-0.016741313	0.023365173	-0.032257155	-0.015723906	-0.014640786
0.7856137	1.1074803	-0.7219882	-1.272388	0.61640626	-0.988343	-0.16702919	1.1008013	0.90445054	-1.1406147
-0.0060888417	0.024270598	-0.01305034	-0.03044386	-0.04363325	-0.016718745	-0.037623573	-0.003116034	0.004538916	0.039255884
-0.014294945	0.0455215	-0.046925403	0.047526684	0.0060607567	0.048504937	-0.025301754	0.007884134	-0.036905386	-0.034188665
0.006427385	0.03772727	-0.035493027	0.030155849	0.0064345486	0.023105327	-0.04939593	0.020989846	0.046953272	-0.0257936
0.8642493	-0.9950123	-0.8555395	-0.75650036	0.9902905	0.62627065	0.9633146	-0.72581565	0.95189685	-1.0508078
-0.0020221472	-0.010170031	-0.011963833	-0.013753224	-0.0059684515	0.02295151	0.013992276	0.032636795	-0.023471309	0.044914376
-0.006146442	-0.040014397	0.012060512	-0.038258813	0.04772334	-0.014549136	0.026943076	0.025935102	0.020854663	-0.0329458
0.0030791387	0.02654389	0.0126325	-0.0038527958	0.006743133	0.001344908	0.04294802	0.029847454	0.016316261	0.013038818
0.013636712	0.013509441	0.048525993	-0.008720957	0.0072995797	-0.040070795	0.0027638078	0.0497053	-0.026214004	0.0041342154
1.2360853	1.2268023	1.116366	-0.18549196	-0.4460273	1.0517368	-1.0639656	-0.31509712	-0.27293608	-0.7254952
-0.0071166866	-0.033228565	-0.008984111	0.020026077	0.03207406	-0.029083455	-0.04955218	0.0013988018	-0.027131557	0.0068078637
-0.027489865	0.020517994	0.025605526	0.043087017	0.031248812	0.01312859	-0.026620066	0.0148006715	0.015202928	0.025440585
-0.7270619	-0.5960268	0.7453054	-0.73667413	0.7377217	0.68021375	0.69893146	0.80111843	-0.7309112	0.7913681
-0.031079305	-0.038691603	0.027948346	-0.04356525	-0.041455995	-0.030764902	-0.004785441	0.044174146	-0.029964685	-0.036833514
0.04876918	0.014069188	-0.0368747	-0.018384587	-0.013653435	-0.011019014	0.0018454082	0.018814031	-0.027034653	-0.018053412
-0.0061665066	-0.0015605688	-0.04480474	-0.009843685	-0.016063869	-0.039031483	0.021546844	-0.013134003	-0.017241824	0.042099405
0.5050239	0.60102415	0.6769973	1.0315078	-1.0783052	0.16163886	0.07440918	-0.7881344	-1.0190909	-0.9708746
0.01941352	-0.006083023	-0.029361403	0.011218954	0.034726683	0.03174447	-0.009614885	0.009878624	0.03411741	0.014551822
-0.025518967	0.00026843697	0.048353706	0.015945707	-0.04250424	0.021695103	0.025826488	0.040340926	0.039407913	0.047818605
1.2467186	1.0301187	0.3779095	0.74460095	0.8167734	0.7149377	1.307837	1.15092	-1.159663	-1.1502259
-1.1625171	0.3386114	-1.055343	-0.9627901	0.96301264	-0.08348203	-1.001831	-0.5079126	0.98550075	0.96502376
0.035506833	-0.0038617365	-0.0292071	-0.008644234	-0.048343934	-0.020414138	0.035404254	0.0453926	0.008715592	-0.03802383
-0.006229043	0.02202252	0.019428898	-0.029983437	0.04945446	-0.03283726	0.02621914	-0.020529164	0.018548321	-0.0299549
-0.043350257	0.03094877	0.020459224	-0.03073268	-0.0062230453	-0.049440183	-0.038829673	0.03647611	-0.0497918	0.03098121
-0.03931575	-0.01178683	-0.00080770254	0.012878682	-0.04322183	-0.006741248	-0.044921305	-0.046298455	0.03609666	0.026204694
0.008769859	0.028388526	0.01124965	-0.047705065	0.031049576	-0.02114892	0.032419395	0.036853794	0.006463539	0.011680305
-0.039282046	0.03954741	-0.012832008	-0.014689326	0.0049486645	0.048653755	-0.044192076	0.04109708	0.03475673	0.01394831
0.022476759	-0.01144401	-0.043039527	0.007757414	-0.012192439	-0.040622257	-0.018964995	-0.0071190596	-0.011658192	0.015110318
-0.005069852	-0.04836556	0.022582326	-0.04554061	0.014709879	0.027066063	0.034920704	-0.048342574	-0.011913609	0.0055454597
-0.044790413	0.013749573	0.04183549	-0.030154992	0.0053988695	0.01682159	-0.019039154	-0.03221806	0.043404255	0.03286204
0.7555405	0.83509094	0.8967074	-0.85034955	0.7317217	0.8919868	0.96533597	1.0992622	-0.9432679	-1.0241187
0.048191834	-0.02475754	-0.006066479	-0.03601724	-0.0036168583	-0.014696002	0.019553352	0.041816223	-0.0079941265	-0.049697783
0.040644947	-0.047473025	0.018284623	-0.01813402	-0.032896627	-0.009056546	-0.025246454	-0.0028003082	-0.044460323	0.030461911
0.016444396	0.046628285	-0.04910163	0.037027147	-0.029166056	-0.024294032	0.04056375	0.02612916	-0.038190138	-0.044969928
-0.046932686	0.0003816262	0.024461951	-0.0483541	-0.034698747	0.022025432	-0.007124018	-0.027975906	0.026614103	0.03496572
-0.031037915	0.028958265	-0.02797488	0.027413342	-0.0077128634	-0.04168334	0.0017993227	-0.04873816	-0.043273915	-0.03981651
0.8667155	0.9199269	-0.09338462	1.03294	0.98808944	0.85501236	-0.9830542	0.8107976	-0.24809816	-1.0833938
-0.7861993	0.69245315	-0.77486426	0.73693335	-0.8259979	0.77373195	-0.568513	0.7673922	-0.38396105	-0.6338853
-0.048679616	-0.0455645	-0.0400215	-0.021824181	0.048574697	-0.009349119	-0.019074237	0.03433099	0.041645233	-0.03150489
0.032956008	-0.0418967	-0.04983003	-0.014813282	0.0050509684	-0.03302133	-0.046356965	-0.008111082	-0.0379861	0.007400751
0.03119092	-0.028067386	0.005016826	-0.015106987	-0.02825681	-0.0025813095	0.033337247	-0.008025181	0.014018562	0.0073964
-0.030066956	0.047950257	0.032243494	0.027885806	0.015229572	-0.037401497	-0.0051212683	-0.020184433	-0.03626883	0.026044969
-0.0123924725	0.0048762076	0.009910416	-0.034023404	0.017175306	0.04778545	-0.031802118	0.027192343	0.015190195	-0.029711772
0.02545825	0.025558937	0.046331454	0.03102937	0.037789296	0.043478835	-0.042250264	-0.0037426837	0.03936864	0.024272587
0.031835172	-0.01839558	-0.014661528	-0.021693384	-0.008786451	0.032344792	0.019194353	0.009370364	0.002505947	0.012548719
-0.011267029	0.04507823	-0.0039584413	0.047632072	0.044788066	0.021706369	-9.7833574e-05	-0.03960074	0.006065976	0.040654395
0.03794619	0.049478304	0.03063308	-0.008503221	0.015323032	0.013679992	-0.036716294	-0.036739755	-0.029951049	0.023494516
-0.01356275	-0.0088297725	0.022356857	0.0167262	-0.040451445	0.035628308	-0.011089481	-0.032177247	0.024590481	0.0043590665
0.021790538	-0.015344717	0.024923708	0.0059359074	0.048249308	0.028338436	-0.01633259	-0.009299792	-0.034998514	0.007944845
0.040138338	0.021762993	-0.038066745	-0.034786545	-0.009918176	0.02013648	0.027959775	0.005956389	-0.014190815	-0.0054422617
0.027171794	0.0030926578	-0.042404093	0.0021665804	-0.017704617	-0.04930655	-0.012773108	0.011181045	-0.045100033	-0.0013591759
0.048093487	0.034028064	0.013548303	-0.008218061	0.03240521	-0.04130175	-0.019331193	0.03861553	0.024684858	-0.0061657205
-0.02466674	-0.03597207	-0.003971506	-0.040405642	0.005986523	0.032065485	0.010324001	-0.022376407	-0.015414298	0.032676112
-0.025929345	-0.04179907	0.023695681	-0.04268209	0.042655695	-0.00055147335	-0.037778806	0.0058540814	-0.012890469	-0.012671579
0.0028911345	0.00788144	-0.04810661	0.01421589	-0.021492159	0.044280697	-0.02541784	0.04344887	-0.013896894	0.02725618
-0.0050702207	-0.029971087	0.00414785	0.0027799606	-0.03042307	0.026312266	0.026463103	0.024993207	-0.030913377	-0.041185964
0.019053686	-0.010390736	0.018898498	-0.03954667	0.026730899	-0.035480104	0.049547765	-0.0007871762	0.042756114	0.047284868
-1.0836105	-0.80057704	0.83965725	-1.2185518	0.24902926	0.70137304	1.0486106	-0.49783072	-1.1842548	-0.39193726
-0.021810532	-0.027675783	0.008931983	-0.039384615	0.025789056	0.0063290484	-0.026714826	-0.042833712	0.0070250146	0.011037361
0.0019062869	-0.040088415	0.022444341	0.020358745	-0.019761944	0.031293336	0.014887419	0.010239124	0.016830076	-0.023735916
-0.046084225	-0.049856294	0.041489866	-0.04088352	0.027714703	-0.025917089	-0.0039072856	0.014741767	0.03039353	0.014875893
-0.032338906	-0.029649233	0.046878997	0.026247982	-0.04928111	-0.01959535	0.021156084	0.0014915951	0.03764284	0.0061259046
0.0032120459	-0.01100539	0.03334285	-0.04896469	-0.037882864	2.0086765e-05	-0.005415641	0.043866668	-0.042741872	-0.045452844
0.038941134	-0.021779133	0.0059199557	-0.010751843	0.038635854	0.020422827	0.04144949	0.028429855	-0.034288183	0.03535423
0.027847003	-0.037913144	0.012610737	0.033066597	-0.015134871	0.016732369	0.022317383	-0.012329865	0.021705035	0.017762672
0.03534514	0.018350754	-0.024259795	-0.042782318	0.04399815	0.0366371	-0.0009122491	-0.026002217	-0.024495078	-0.009909332
0.019940924	-0.0077179074	-0.037833773	0.018973041	0.043910075	-0.04311483	0.027230684	0.010518063	0.03840686	-0.03331864
-0.015062906	-0.03910611	0.021605495	0.014548268	-0.0016255602	0.026870761	0.025899936	0.0019273758	0.021728788	-0.03197422
0.017006446	0.024982307	-0.010747872	-0.044988442	-0.049203422	-0.040115714	-0.040327393	0.029100124	0.018398855	-0.03265213
0.041633453	-0.036379553	-0.036077656	-0.03491769	-0.002254676	-0.02092042	-0.036970984	-0.027929736	-0.018857444	0.0025243983
-0.7167194	0.9153663	1.1186379	-0.79887223	1.0712149	0.9426205	-0.74900323	-0.79162127	0.6546847	0.06459063
0.0043428317	0.03398708	-0.03804798	0.03102621	0.0114859715	-0.046298098	-0.021678997	-0.043508004	-0.006451022	0.02822857
0.028477225	0.015397217	0.049951363	-0.032561563	-0.026855731	0.035525087	0.0013218746	-0.036961697	-0.04147439	-0.0004943125
0.012011897	-0.040049233	-0.020982921	0.027555976	0.038800623	0.014917482	0.005621005	0.0012804978	0.04704721	0.0059330463
0.0037770756	-0.025211025	0.040722977	0.022911679	-0.010763109	-0.027351284	-0.032677546	0.0012082681	0.00094121695	-0.007417001
0.007342767	-0.02294848	-0.018283714	0.024542082	-0.011076786	0.0353002	0.036018517	0.02543253	0.044090662	0.042185966
0.025689516	-0.017656814	-0.021052158	-0.012385618	0.015810098	0.039040077	0.004672181	0.039519418	-0.03924284	0.01768111
-0.049043693	0.022075284	0.0125092305	0.022241917	0.03380699	0.019068789	-0.023331106	-0.04769696	-0.01968496	-0.011683393
0.040937375	0.016910676	-0.017009556	-0.043622088	0.025349107	0.013693418	-0.004486762	0.027928326	0.01550385	-0.004073657
-0.02623458	-0.019080235	-0.04788046	0.025112364	-0.02264049	-0.028636992	0.027555916	0.0428365	-0.027437782	0.0140690915
0.89040834	1.0398854	0.8296487	-1.070457	-0.8277815	-0.6504335	0.7496406	0.6576405	0.8611138	-0.84076476
0.8065549	0.75520784	0.862307	-0.69926685	0.76102173	-0.9053456	-1.0767889	-0.7186448	-0.895139	0.76316863
0.7445582	-0.1459115	0.9959801	-0.85194474	0.85709643	1.0760324	0.53188604	1.109263	-0.6942226	1.0029324
-0.008222662	-0.037630092	0.033790354	0.047546018	0.030582402	-0.01731702	-0.0059389584	0.015435662	-0.006832801	-0.021871412
-0.9704178	0.35266972	1.199725	0.75570416	1.0705295	1.032189	-0.6588729	0.7949474	-0.7234774	-0.94416213
0.022261862	-0.048679303	-0.043908574	-0.009850405	-0.010733295	-0.010338984	-0.01392746	-0.011423372	0.007835366	0.014634814
0.04376402	0.033898186	0.04789746	-0.009295642	-0.0219141	0.039030995	0.007005729	-0.033088505	-0.04464538	0.04151049
0.03599492	0.033992138	0.03894854	0.020242203	0.014332581	-0.01953696	0.0328578	-0.035728693	0.032805156	-0.033056498
0.018822659	0.04656327	0.042956952	0.022253636	-0.0001363866	0.012461614	-0.027178979	-0.00437082	-0.024759805	-0.03431332
0.014230695	0.0114142075	-0.0013844594	0.03929648	-0.044796374	-0.044882942	0.012785878	-0.018473398	-0.016483866	-0.036878347
-0.0017452464	-0.04423324	-0.03685236	0.036621775	0.045105074	0.0026910529	0.027203787	-0.025644684	-0.0043863542	0.00852301
-0.026535738	-0.0303092	-0.035957765	0.018124487	-0.007610332	-0.02091117	0.017160866	-0.03746277	-0.011861563	0.006005179
-0.010323919	0.04254744	0.012540851	0.038885582	-0.0029441714	0.0019199848	0.014112119	0.023713145	-0.04239775	0.03454181
0.64879066	-0.9784153	1.2457514	-0.49710447	0.8333758	0.92016447	0.6942213	-1.1211776	1.0344288	-0.61701334
0.045839097	-0.048532415	0.031340245	0.029229749	0.011984013	0.039887954	-0.01276318	0.007392682	0.026401151	-0.0002342835
0.012158059	-0.013536621	0.03215987	0.0055450574	0.037817802	0.0032319054	0.0045563206	-0.015974224	0.027162146	-0.017184652
-0.014624096	-0.017964222	-0.012480117	-0.020502819	-0.022207057	-0.0022990815	0.006248094	0.037524488	0.0010329708	0.035111573
-0.028419806	0.015983526	-0.0013394952	-0.010231949	0.01314361	-0.048528958	0.012294054	0.0091565475	0.0069043636	0.04875118
-0.78579676	0.99437	0.31580308	0.89624286	0.8117041	-0.10993157	-1.0559034	-1.0512273	-0.9346762	-0.7854215
-0.012889087	-0.024507856	0.030417945	-0.0031496063	0.0036159754	-0.020477986	0.03619213	-0.0064504743	-0.022736168	-0.026218666
0.03629606	-0.026262546	-0.021033585	-0.041767776	-0.044196654	0.016029272	0.015006606	0.028043333	0.047110844	0.048552636
0.02079269	0.004861988	0.012933377	0.03593575	-0.03911824	0.036451068	0.033931624	-0.03136208	0.012385823	-0.0429116
0.02922846	-0.0069961175	-0.013611805	0.02196392	-0.0036097877	0.01008879	-0.019341802	0.039183106	-0.04747329	-0.009558938
0.04291382	0.023454834	0.03214388	0.00037761778	0.00773884	-0.042944837	0.045143653	-0.002334606	-0.029825319	-0.0039252043
0.005306326	0.021118406	0.012383066	0.007315289	-0.04723991	0.014419805	-0.0019837841	-0.0038613565	0.042835522	0.032504726
-0.64920723	-0.9471227	-0.9121457	-0.59952617	-0.92004734	1.0189292	-0.64947236	-1.0524504	-0.7643157	-0.86245793
-0.042614307	-0.025062395	-0.023944093	-0.02525655	-0.021223688	-0.035556853	0.03257798	0.028932873	-0.045383967	0.039542843
-0.7554606	-0.7120029	0.7223171	-0.76417285	0.70542866	0.76439995	0.81270516	0.76829267	0.7206608	-0.71663874
-0.038974214	-0.04923724	-0.039304115	-0.027867425	0.020364765	0.0064283386	0.012523022	0.009020269	0.03666992	-0.011562467
-0.039684452	0.0041195154	0.01789279	0.04945768	0.016614985	0.040318	0.03270987	0.02022579	0.043790128	-0.015211523
-0.030269433	0.019033525	0.028779518	0.00034908205	0.035883974	-0.02899952	-0.021174932	-0.032207727	0.04396752	-0.011117734
-0.02727977	0.0069275983	-0.038713954	0.023067046	-0.026765168	-0.0030676834	-0.015739072	0.016028512	0.048496913	0.012158763
-0.020760763	-0.043444395	0.045590054	-0.0139242895	-0.019087374	0.014850762	0.0045676604	-0.036327742	-0.011818565	-0.009623159
-0.023867298	0.04864544	0.0073651895	-0.03649801	0.021846976	-0.048719633	-0.031690083	0.030709412	-0.036110688	0.01711123
0.015834186	0.040051553	0.030270044	-0.018205047	0.024053898	0.04787996	0.0154270865	-0.03529545	-0.011856534	-0.013745178
0.03310721	0.039338414	0.038744714	0.020359967	0.0022995695	-0.025411261	-0.028169537	0.0075039156	-0.046302404	-0.032506466
0.60975826	1.0729167	0.6410242	-1.1201804	1.2372435	1.2850142	0.36097154	0.86166453	0.7562118	1.3189421
0.018795554	0.003825523	-0.012571253	-0.032491863	-0.038079523	-0.009965133	-0.024486065	-0.0033278689	0.048141148	-0.027841855
-0.028508151	-0.04608245	0.020137813	-0.034403253	-0.037978876	0.0032310374	-0.027850628	0.03677002	0.045742895	-0.0294672
-0.007369578	-0.014283191	-0.01694864	0.03661369	0.017055001	0.026592683	-0.0053852573	0.039386164	-0.009749401	0.040695395
-0.011195123	0.013572823	0.030015241	-0.025275458	-0.04595213	-0.019848168	-0.0051972046	0.04261831	0.011645436	-0.0423306
0.008155275	-0.035451602	-0.013385631	-0.022130346	0.03416611	0.016873721	-0.033716753	0.03596996	-0.03616525	-0.009619903
-0.042095244	-0.008071054	-0.014663182	-0.011237025	-0.045093324	-0.022199905	0.03273603	-0.005511284	0.010734938	0.00442487
-0.02443533	0.020504985	0.015724447	0.036465313	-0.008765459	0.0253116	0.025002245	-0.0343984	0.002638232	0.020720948
-0.026686598	-0.037656546	-0.037965022	0.0085962415	0.047328044	-0.015503667	-0.03089776	0.01466104	0.025442291	0.041711237
0.003052283	-0.044274427	-0.022091199	-0.023767186	0.0020211712	0.0057522543	-0.0034738295	-0.036393035	-0.03981594	-0.035294164
0.005991675	0.02127831	-0.0066934936	-0.01592461	0.035204004	-0.03151952	-0.031619072	0.025321987	0.030948106	-0.035073757
0.012127899	-0.036825	0.0047276504	0.031485762	0.0015107505	-0.011285663	-0.009087741	0.032392073	0.03188319	-0.0046667233
0.014118496	-0.047713768	-0.04139315	-0.038132656	-0.049063038	0.009463847	-0.047075987	-0.0031056404	-0.027693916	0.021831106
-0.016834307	-0.027779937	0.01610699	-0.021751488	0.016650345	0.030462433	-0.020423269	0.039505128	-0.025639428	0.00913626
0.026796829	0.02404325	-0.013868153	0.038203683	-0.01589799	-0.04899254	0.0064638965	0.0317824	0.00396242	0.040907767
-0.026213348	0.040959094	-0.010034598	0.039785657	0.046704117	-0.037421156	-0.006312631	-0.0030709505	0.030251954	-0.030772066
-0.03349127	-0.0077384487	0.032807816	0.023543622	0.01862583	-0.015669595	0.03422219	0.030350614	-0.026063813	-0.030598616
0.0058462024	0.039139714	0.02022766	-0.024835229	0.014489498	0.014832865	0.046114158	0.04911064	0.0027565844	-0.023033952
0.026570965	-0.0070058927	-0.042033397	0.014596131	-0.044417392	-0.0052596815	0.0053771846	0.010169707	-0.016211152	-0.032910943
-0.033012617	0.04892746	-0.023850823	-0.007820405	0.02615774	-0.036670208	0.013913158	0.04572219	-0.03202348	0.014623258
-0.0017450079	-0.041889943	0.037154887	0.04265013	0.0034983754	0.018498588	0.027439807	-0.011086594	0.03204346	-0.026992464
-0.0061542764	-0.041197576	-0.0017925985	0.025170628	0.020562459	0.04454707	-0.011194788	0.031812344	-0.0031369552	-0.027477002
0.6645965	1.058099	-1.1151797	1.1286755	-1.2110887	-0.8210252	-1.070967	0.7871704	-0.21532956	-1.1124724
-0.01896751	0.0016942136	-0.043243088	0.0302043	-0.008446027	0.0136844255	0.008064069	0.00086634234	0.026272107	0.024048436
0.04822215	0.025887195	-0.029006457	-0.025839103	0.03306787	-0.016822957	0.036693785	0.013378333	0.022444393	0.020174649
-0.034696233	-0.00075723976	0.009439457	-0.01944225	-0.0436124	-0.00039489195	-0.011806451	0.032854352	-0.02502576	-0.032755017
0.008418966	0.037091207	0.03383534	-0.045939412	0.049404416	-0.002115965	-0.030935002	0.0279284	0.022544753	-0.0250198
-0.0043568835	0.00080964714	0.039581288	0.017506111	-0.04904107	-0.00030189753	0.0115249045	0.023494873	0.04714534	-0.0069221854
0.8174717	-0.042040125	0.93371224	-0.8370536	1.0006976	0.9152493	0.07729242	-0.9393422	0.43296233	0.837949
0.028961193	0.0006382689	0.045707647	-0.014933538	-0.015444625	-0.04843229	-0.045834113	0.021886062	-0.017962445	0.020589117
0.016558435	0.048214983	0.026347708	0.046977114	-0.04369364	0.026733946	0.027548198	0.014895704	-0.011491559	0.047888663
-0.007281352	-0.03403604	0.028797973	0.04721779	0.03332833	-0.037110616	-0.01298517	-0.0070623048	0.026831638	0.049653757
-0.046460807	-0.032551337	0.013022963	-5.2824616e-06	-0.0018829703	-0.00088153034	0.020620715	-0.024637938	0.011738431	0.046072546
-0.89144117	-0.61284226	1.0115986	-0.8578833	0.9846252	-0.636804	-0.94965863	0.37128553	-0.20083323	-1.015523
0.020357098	0.040821146	-0.03637861	0.010855101	0.020760205	0.03085455	0.03588671	-0.04860151	-0.015569307	-0.018561732
0.013465274	0.03156383	0.0130211	0.012571905	-0.039530683	-0.015370451	0.027940575	0.0027625188	-0.011931516	-0.02686665
0.043668892	-0.0133210905	-0.037631832	0.023434047	-0.045151975	0.033432174	0.0230801	-0.022600306	-0.04251373	0.012125302
0.93818575	0.75512916	0.528151	-1.0393435	0.8262543	0.80838126	0.8209023	0.75247175	1.1351082	-0.7383665
0.007771693	-0.044786777	0.04672743	-0.039783455	0.0086789355	-0.011043966	-0.021239579	-0.015963733	-0.038968194	0.049361255
-0.03456373	0.007942725	0.041719947	-0.04035171	0.006328035	-0.0019312501	0.008395743	-0.025293125	-0.03731358	0.048385587
0.026590738	0.0073503256	0.013247523	0.032266144	0.037698638	-0.035032082	-0.0053525455	0.03649917	-0.013828587	0.025106777
-0.010964107	-0.03428664	-0.0018777736	-0.007700704	0.03940909	-0.048401978	-0.04801898	0.020561937	0.019220557	-0.039278187
0.044343542	0.0022872798	0.010348905	0.04623859	0.017348576	0.03578588	-0.021353876	-0.00857513	0.038464796	-0.021407617
-0.031197453	0.011381913	0.0068405494	0.017456446	-0.01956178	0.011589836	-0.016173948	0.024831358	-0.028791143	0.019761954
0.016459476	-0.033894494	0.049271073	-0.034825683	0.02656689	-0.038400102	-0.011761747	-0.03669741	-0.046470355	-0.047519423
0.80848736	-0.8831329	0.7010536	-0.8657373	0.80640715	0.78311086	0.66266865	0.8674909	-0.7233212	-0.7269401
0.048189435	0.020501439	-0.032740176	-0.014980387	-0.0058468804	0.03195143	-0.012252796	0.014303315	-0.02601403	0.02432729
-0.015554536	-0.018841004	0.00317676	0.030006576	0.004983615	0.030891147	0.017107818	-0.040169906	-0.0466053	-0.04695622
-0.018179856	-0.0077982433	-0.024751592	0.006451525	0.03648522	-0.040700734	0.015701722	0.038375307	-0.028918743	-0.0009321682
0.8481718	-0.7227771	-1.0520967	-0.77363354	0.7969494	0.768997	-0.94235677	0.9069257	0.88960123	-0.5650361
0.016839113	0.024176251	0.047189597	-0.03552991	-0.02187184	0.0005315654	-0.03297913	0.038350437	0.037503038	-0.028785622
1.1224426	0.82266843	-0.97300595	0.26964447	-0.818637	0.9668861	1.0409223	-1.0968598	0.8713773	1.048818
0.04451697	0.0136224665	-0.032173432	-0.011294328	-0.048068237	-0.013170205	-0.038347136	0.00064554065	0.016155194	-0.0110327825
-0.021944856	0.011287082	-0.03279821	0.0362692	0.015134778	0.016371224	0.0118739605	0.042869356	0.039474156	-0.0008342378
0.024856064	7.67e-05	0.010049559	-0.041643538	0.029360685	-0.015635919	0.041231815	0.028911937	0.023418617	0.02569503
0.037048463	-0.009693347	-0.03467505	-0.002100885	-0.042798486	-0.029173363	-0.000459563	0.043874357	0.0044645295	-0.00499307
-0.0037105307	-0.011669625	0.017578889	-0.0022065267	0.020013165	-0.02823919	-0.039751817	-0.037402727	-0.02240336	-0.017300617
-0.015764259	0.013880465	-0.045114484	0.048244286	-0.016688026	-0.024770403	0.040250335	0.0018532164	0.028129283	-0.047661852
0.023324933	0.033147182	0.023404729	-0.018537857	-0.008491181	0.009484064	0.022111084	0.049844433	-0.043899573	-0.0086734295
0.6186755	0.5437723	0.629421	-0.67136824	0.62328446	0.67012924	0.31819445	0.8131195	-0.65007836	-0.6274808
0.011423301	0.00881996	-0.0005005002	0.04193658	-0.014057457	0.025135066	0.01052127	-0.02043568	-0.04815487	-0.048115194
-0.049232077	0.04000834	-0.033894338	0.023692776	0.003560245	-0.042218473	-0.037207007	-0.042289343	-0.00023625046	-0.016996156
0.029957782	-0.0025637858	0.020088982	-0.02207296	0.02230281	0.049511146	-0.016575027	0.01499984	0.03572115	0.034881923
-0.014749266	-0.01403283	0.039997052	-0.019762004	0.02836826	-0.048531294	0.03865577	-0.027658904	-0.024384415	0.037841465
0.005181767	-0.032435812	0.029071394	0.0042848475	0.011724055	0.03745276	-0.0054654106	-0.0034880415	0.017608378	0.0008413084
-0.78176475	0.6708443	-0.7791598	0.87078166	0.7165155	0.28045714	0.6544156	-0.81310946	-0.7254359	-0.73328626
0.043558184	-0.044365134	-0.029813398	0.04581305	0.019109394	-0.0323601	-0.031977095	-0.031231726	-0.016060602	-0.037267674
0.0066142455	-0.043335736	-0.024179613	0.0299193	0.045241144	0.034504842	-0.009933662	0.0015376098	0.015778754	-0.001797162
-0.026745105	0.0050156713	0.042469654	0.026963685	0.0070699453	-0.039473593	0.0060572736	0.03317273	-0.017647315	-0.013818562
-0.024439229	-0.04939965	0.0163888	0.0461373	0.026045885	-0.020498408	0.019173574	0.036820974	-0.03744756	0.04125413
0.012844134	0.028786708	-0.041737854	0.01593301	0.027647104	-0.010979533	0.015984807	0.02162585	-0.04248942	-0.0043817274
0.008512557	0.0065159686	-0.015448391	0.033229712	-0.014868222	0.00849279	0.02969053	-0.025793899	0.022892963	0.034039523
0.3432397	-0.80138093	-0.98731375	0.22640236	-1.3709688	0.94430846	1.1249576	1.0427953	0.8805901	-0.86958134
-0.89988667	0.7624727	-0.78114766	-0.7277546	0.7507096	0.6939884	0.65948087	-0.55747	0.8769361	0.78982645
-0.02710457	0.049906004	-0.041027237	-0.034382902	-0.03765174	-0.022573162	-0.019284178	-0.046771076	0.00047109276	-0.00982336
0.015648019	0.022975516	0.0031216852	0.016793858	-0.005912613	-0.006888639	0.009476744	0.04304481	0.017879035	0.022014748
1.068076	0.97149736	-0.77277005	-0.60379195	-0.6688103	0.8592427	0.6359221	-1.0287732	-0.79576045	-0.4703714
0.6879822	0.7683658	-0.95546937	-0.31135494	0.8080263	0.6931102	0.7484144	-0.4632339	0.96921414	0.88642895
0.9651839	1.0665689	1.0335246	0.9636218	0.44921836	0.38109183	1.0645101	-0.6020692	0.23123105	0.90645915
0.029266488	-0.00584656	0.04573557	-0.036611628	0.039744627	0.03996965	-0.035964835	0.047159497	-0.007680882	0.024586264
0.0011981502	0.018170271	-0.04594524	0.038520936	0.043567065	-0.030360555	0.011759341	0.01423664	0.028359782	-0.046082642
-0.04878769	0.0020075925	0.049434137	-0.005269278	-0.036453627	0.0037143938	-0.023139847	0.038849656	0.031888094	-0.002606403
-0.04550728	-0.019706786	-0.03995776	-0.020702792	0.035128642	0.034026805	-0.030511117	-0.0004159324	-0.0014018305	0.043026913
0.0089822635	0.01899669	0.027973998	-0.02226212	-0.009319831	-0.008728314	0.049362328	0.038822684	-0.039696872	0.035497162
0.005149234	-0.03734664	-0.003567528	-0.021293879	0.04601929	0.020396125	-0.019559694	-0.0010105744	-0.0058149807	0.025471833
-0.009768534	-0.022099365	0.049144436	0.015863966	0.012092352	0.025382746	-0.0014127493	-0.010448266	0.047117535	-0.026376331
0.0034842603	-0.0006242171	0.048369195	0.04496589	0.025643025	-0.0010470636	0.0020275004	-0.0030959025	-0.031195855	0.01402868
-0.010997035	-0.00785502	-0.020578219	0.035060156	-6.7830086e-05	-0.047095872	-0.0018386729	0.020109046	0.044689644	0.04491652
0.040066127	0.006780602	0.04494563	0.0011558421	0.04618119	0.004604839	0.04871143	0.030107308	0.043738354	0.029436994
0.010976888	0.04609703	-0.04753064	-0.009775639	-0.0339944	0.03776976	-0.029901696	-0.009755086	-0.015320014	0.011222888
0.041268054	0.017098334	-9.3363225e-05	-0.0023204572	-0.037708543	0.025014106	-0.0018355139	0.020446073	0.03972042	-0.0018418916
0.022982705	0.044905785	0.049727384	-0.03408108	0.013712157	-0.041233968	0.047594164	-0.044066884	0.0492712	-0.04899031
0.030035865	0.036048856	0.019802663	0.019336928	-0.04534794	0.036759924	-0.03680564	0.026220713	0.03331181	0.02011982
0.0023426898	-0.041495003	0.04442339	-0.0058862455	0.013109494	0.013885368	0.008366752	0.012185238	0.012035631	0.02354807
-0.021935344	-0.039264537	2.8323382e-05	-0.042057406	-0.043486763	0.03477374	0.04863927	0.03980254	-0.00025663525	-0.044798113
